﻿ecosystemName,month,amount,primaryTag
Alberta,Mar-19,15000000,FinTech
Alberta,Mar-19,1350000,GeoTech
Alberta,Mar-19,150000,HRTech
Alberta,Apr-19,600000,HRTech
Alberta,May-19,1000000,HRTech
Alberta,Jun-19,2750000,AgTech
Alberta,Jun-19,0,GreenTech
Alberta,Jun-19,3000000,RetailTech
Alberta,Jul-19,4500000,Analytics
Alberta,Jul-19,1000000,EdTech
Alberta,Jul-19,0,Hardware
Alberta,Jul-19,33172500,Robotics
Alberta,Jul-19,4000000,SaaS
Alberta,Aug-19,7961400,Analytics
Alberta,Aug-19,684451,iOT
Alberta,Sep-19,1406514,AdTech
Alberta,Sep-19,0,Analytics
Alberta,Sep-19,15000000,CleanTech
Alberta,Sep-19,3317250,SaaS
Alberta,Oct-19,4000000,
Alberta,Oct-19,700000,HealthTech
Alberta,Oct-19,0,Platform
Alberta,Oct-19,40000000,SaaS
Alberta,Nov-19,0,Analytics
Alberta,Dec-19,3980700,Analytics
Alberta,Dec-19,14595900,CleanTech
Alberta,Dec-19,500000,SaaS
Alberta,Jan-20,3403607,AdTech
Alberta,Feb-20,20325000,CleanTech
Alberta,Feb-20,1100000,HealthTech
Alberta,Feb-20,0,HRTech
Alberta,Feb-20,2000000,LegalTech
Alberta,Feb-20,1250000,Marketplace
Alberta,Mar-20,20325000,iOT
Alberta,Apr-20,0,AgTech
Alberta,Apr-20,3200000,Analytics
Alberta,May-20,73000000,FinTech
Alberta,May-20,50000,HealthTech
Alberta,Jun-20,3000000,CleanTech
Alberta,Jun-20,1000000,HealthTech
Alberta,Jun-20,400000,Marketplace
Alberta,Jun-20,680000,SaaS
Alberta,Jul-20,0,CleanTech
Alberta,Jul-20,700000,FinTech
Alberta,Jul-20,7600000,HealthTech
Alberta,Jul-20,6000000,iOT
Alberta,Jul-20,1500000,NanoTech
Alberta,Jul-20,1505000,SportsTech
Alberta,Aug-20,156000,AgTech
Alberta,Aug-20,1900000,AudioTech
Alberta,Aug-20,5000000,EdTech
Alberta,Aug-20,0,iOT
Alberta,Aug-20,1200000,Platform
Alberta,Aug-20,66000000,Robotics
Alberta,Aug-20,0,SaaS
Alberta,Sep-20,815000,FinTech
Alberta,Sep-20,10000000,LegalTech
Alberta,Nov-20,20000000,3DTech
Alberta,Nov-20,50000,GreenTech
Alberta,Nov-20,130000,HealthTech
Alberta,Dec-20,2300000,EdTech
Alberta,Dec-20,50000000,FinTech
Alberta,Dec-20,700000,Marketplace
Alberta,Dec-20,1761500,NanoTech
Alberta,Jan-21,120000,AR
Alberta,Jan-21,458181,CleanTech
Alberta,Jan-21,50000,FinTech
Alberta,Jan-21,2225000,LegalTech
Alberta,Jan-21,1150000,Marketplace
Alberta,Jan-21,2965023,SaaS
Alberta,Feb-21,1300000,AgTech
Alberta,Feb-21,710000,Analytics
Alberta,Feb-21,49681,BioTech
Alberta,Feb-21,50700000,CleanTech
Alberta,Feb-21,7500000,EdTech
Alberta,Feb-21,54000000,FinTech
Alberta,Feb-21,18999000,HealthTech
Alberta,Feb-21,0,SaaS
Alberta,Mar-21,580000,BioTech
Alberta,Mar-21,173452,Data Analytics
Alberta,Mar-21,156000,HealthTech
Alberta,Mar-21,7000000,LegalTech
Alberta,Mar-21,180626,SaaS
Alberta,Apr-21,0,agTech
Alberta,Apr-21,0,FinTech
Alberta,Apr-21,3806800,FitnessTech
Alberta,Apr-21,2087600,Marketplace
Alberta,Apr-21,7429400,Platform
Alberta,Apr-21,0,SaaS
Alberta,May-21,0,AI
Alberta,May-21,0,Analytics
Alberta,May-21,700000,FinTech
Alberta,Jun-21,1640000,HealthTech
Alberta,Jun-21,300000,Platform
Alberta,Jun-21,0,SaaS
Alberta,Jul-21,2500000,AgTech
Alberta,Jul-21,14000000,Analytics
Alberta,Jul-21,0,Cryptocurrency
Alberta,Jul-21,0,HealthTech
Alberta,Jul-21,0,PropertyTech
Alberta,Jul-21,0,SaaS
Alberta,Aug-21,100000,AI
Alberta,Aug-21,125000,eCommerce
Alberta,Aug-21,5600000,HealthTech
Alberta,Aug-21,1300000,SaaS
Alberta,Sep-21,13500000,AI
Alberta,Sep-21,64000000,FinTech
Alberta,Sep-21,7600000,SaaS
Alberta,Oct-21,10600000,eCommerce
Alberta,Oct-21,1880000,FinTech
Alberta,Nov-21,6700000,Analytics
Alberta,Nov-21,0,FinTech
Alberta,Nov-21,400000,HealthTech
Alberta,Nov-21,12700000,SaaS
Alberta,Nov-21,16500000,SportsTech
Alberta,Dec-21,2250000,AI
Alberta,Dec-21,0,Analytics
Alberta,Dec-21,10000000,HRTech
Alberta,Dec-21,1900000,Marketplace
Alberta,Jan-22,6000000,Analytics
Alberta,Jan-22,6800000,BioTech
Alberta,Jan-22,400000,DevTech
Alberta,Jan-22,12700000,EdTech
Alberta,Jan-22,0,FinTech
Alberta,Jan-22,156000,GeoTech
Alberta,Jan-22,2100000,LegalTech
Alberta,Feb-22,10000000,HRTech
Alberta,Feb-22,400000,Marketplace
Alberta,Mar-22,16000000,FinTech
Alberta,Mar-22,2200000,HealthTech
Alberta,Mar-22,55000000,iOT
Alberta,Mar-22,5400000,Marketplace
Alberta,Mar-22,17800000,NanoTech
Alberta,Mar-22,2200000,PropertyTech
Alberta,Apr-22,35000000,3DTech
Alberta,Apr-22,7500000,AgTech
Alberta,Apr-22,9000000,Data
Alberta,Apr-22,5000000,FinTech
Alberta,Apr-22,10000000,SaaS
Alberta,May-22,6000000,CleanTech
Alberta,May-22,185000000,FinTech
Alberta,May-22,1230000,HealthTech
Alberta,Jun-22,1000000,ConstructionTech
Alberta,Jun-22,1000000,CyberSecurity
Alberta,Jun-22,3800000,FinTech
Alberta,Jul-22,0,HRTech
Alberta,Jul-22,2300000,SaaS
Alberta,Jul-22,0,TravelTech
Alberta,Aug-22,13000000,CleanTech
Alberta,Aug-22,12500000,FinTech
Alberta,Aug-22,3900000,Hardware
Alberta,Oct-22,2550000,PropertyTech
Alberta,Nov-22,54000000,FinTech
Alberta,Nov-22,9617755,GeoTech
Alberta,Nov-22,95000000,Robotics
Alberta,Dec-22,7944289,Robotics
Alberta,Jan-23,13400000,Analytics
Alberta,Jan-23,1600000,FinTech
Alberta,Jan-23,50000000,NanoTech
Alberta,Feb-23,15100000,AgTech
Alberta,Feb-23,2000000,Electronic Health Record (EHR)
Alberta,Feb-23,133661500,SaaS
Alberta,Mar-23,5100000,ConstructionTech
Alberta,Apr-23,2700000,HealthTech
Alberta,Jun-23,80000000,CleanTech
Alberta,Jun-23,1100000,Consulting
Alberta,Jun-23,17000000,FinTech
Alberta,Jun-23,20000000,Mining Technology
Alberta,Jul-23,33106750,Analytics
Alberta,Jul-23,34400000,CleanTech
Alberta,Jul-23,12000000,iOT
Alberta,Jul-23,1500000,SaaS
Alberta,Aug-23,3800000,DevTech
Alberta,Sep-23,3300000,AI
Alberta,Sep-23,1500000,eLearning
Alberta,Sep-23,46531875,FinTech
Alberta,Sep-23,10000000,Mining Technology
Alberta,Oct-23,90000000,CleanTech
Alberta,Oct-23,10000000,FinTech
Alberta,Oct-23,2500000,SaaS
Alberta,Nov-23,0,CleanTech
Alberta,Nov-23,700000,Consulting
Alberta,Dec-23,2300000,FinTech
Alberta,Jan-24,2000000,CleanTech
Alberta,Feb-24,1500000,AI
Alberta,Feb-24,27000000,FinTech
Alberta,Mar-24,7000000,FinTech
Alberta,Mar-24,783000,Health Diagnostics
Alberta,Mar-24,8121840,NanoTech
Alberta,Apr-24,0,BioTech
Alberta,Apr-24,2700000,CleanTech
Alberta,May-24,3000000,Machine Learning
Alberta,May-24,4000000,Real Estate
Alberta,Jun-24,2700000,FinTech
Alberta,Jun-24,1700000,PropertyTech
Alberta,Jul-24,4000000,CleanTech
Alberta,Jul-24,17000000,Software Development
Alberta,Aug-24,23300000,SaaS
Alberta,Sep-24,9100000,CleanTech
Alberta,Oct-24,4200000,Chemical Raw Materials Manufac
Alberta,Oct-24,26900000,HealthTech
Alberta,Oct-24,178600000,Software Development
Alberta,Nov-24,362000000,FinTech
Alberta,Nov-24,2600000,Software Development
Alberta,Nov-24,1100000,"Technology, Information and In"
Alberta,Dec-24,38,HealthTech
Alberta,Dec-24,7067925,Software Development
Alberta,Jan-25,0,Analytics
Alberta,Jan-25,29000000,FinTech
Alberta,Feb-25,1100000,Health Diagnostics
British Columbia,Jan-19,70000,AdTech
British Columbia,Jan-19,0,AI
British Columbia,Jan-19,14595900,CleanTech
British Columbia,Jan-19,4000000,SaaS
British Columbia,Feb-19,13269000,AgrTech
British Columbia,Feb-19,1200000,BioTech
British Columbia,Feb-19,6634500,CleanTech
British Columbia,Feb-19,19903500,Cybersecurity
British Columbia,Feb-19,3000000,FinTech
British Columbia,Feb-19,20462000,Quantum
British Columbia,Feb-19,3000000,SaaS
British Columbia,Mar-19,7165260,AgTech
British Columbia,Mar-19,3000000,AI
British Columbia,Mar-19,0,BioTech
British Columbia,Mar-19,0,CleanTech
British Columbia,Mar-19,5853000,eCommerce
British Columbia,Mar-19,0,HealthTech
British Columbia,Mar-19,156000,SaaS
British Columbia,Apr-19,10000,AdTech
British Columbia,Apr-19,650000,AI
British Columbia,Apr-19,1770000,BioTech
British Columbia,Apr-19,2270000,CleanTech
British Columbia,Apr-19,100000,FinTech
British Columbia,Apr-19,200000,Hardware
British Columbia,Apr-19,18576600,HealthTech
British Columbia,Apr-19,707000,Marketplace
British Columbia,Apr-19,250000,PropertyTech
British Columbia,Apr-19,5971050,SaaS
British Columbia,May-19,0,AdTech
British Columbia,May-19,200000,AI
British Columbia,May-19,1200000,eCommerce
British Columbia,May-19,0,EdTech
British Columbia,May-19,2678000,FinTech
British Columbia,May-19,2000000,HealthTech
British Columbia,May-19,0,LegalTech
British Columbia,May-19,0,Marketplace
British Columbia,May-19,1000000,SaaS
British Columbia,Jun-19,50000,AI
British Columbia,Jun-19,3317250,AutoTech
British Columbia,Jun-19,2800000,CleanTech
British Columbia,Jun-19,26538000,FinTech
British Columbia,Jun-19,800000,HealthTech
British Columbia,Jun-19,1900000,SaaS
British Columbia,Jul-19,50000,DevTech
British Columbia,Jul-19,2000000,EdTech
British Columbia,Jul-19,11278650,FinTech
British Columbia,Jul-19,8500000,MarTech
British Columbia,Jul-19,0,SaaS
British Columbia,Aug-19,250000,AI
British Columbia,Aug-19,15000000,Analytics
British Columbia,Aug-19,26550000,BioTech
British Columbia,Aug-19,2000000,eCommerce
British Columbia,Aug-19,2200000,FinTech
British Columbia,Aug-19,0,Platform
British Columbia,Aug-19,150000,PropertyTech
British Columbia,Aug-19,1143000,SaaS
British Columbia,Sep-19,105000,AdTech
British Columbia,Sep-19,59710500,AgTech
British Columbia,Sep-19,550000,AI
British Columbia,Sep-19,3500000,AR
British Columbia,Sep-19,14595900,Blockchain
British Columbia,Sep-19,1000000,CleanTech
British Columbia,Sep-19,0,EdTech
British Columbia,Sep-19,331725000,FinTech
British Columbia,Sep-19,4500000,FitnessTech
British Columbia,Sep-19,50000,HRTech
British Columbia,Sep-19,3200000,SaaS
British Columbia,Oct-19,1000000,AdTech
British Columbia,Oct-19,30000,AI
British Columbia,Oct-19,7944599,BioTech
British Columbia,Oct-19,21893850,CleanTech
British Columbia,Oct-19,70000,DevTech
British Columbia,Oct-19,3317250,Marketplace
British Columbia,Nov-19,4660000,3DTech
British Columbia,Nov-19,1600000,AI
British Columbia,Nov-19,9951750,Analytics
British Columbia,Nov-19,1700000,Platform
British Columbia,Nov-19,9951750,SaaS
British Columbia,Dec-19,100000,AI
British Columbia,Dec-19,86248500,CleanTech
British Columbia,Dec-19,5000000,EdTech
British Columbia,Dec-19,2000000,Marketplace
British Columbia,Dec-19,1000000,SaaS
British Columbia,Jan-20,59500000,AgTech
British Columbia,Jan-20,27100000,BioTech
British Columbia,Jan-20,0,Consumer
British Columbia,Jan-20,2303500,eCommerce
British Columbia,Jan-20,20000000,FinTech
British Columbia,Jan-20,1000000,InsurTech
British Columbia,Jan-20,44715000,Marketplace
British Columbia,Jan-20,0,Platform
British Columbia,Jan-20,0,TravelTech
British Columbia,Feb-20,5400000,CleanTech
British Columbia,Feb-20,6097500,eCommerce
British Columbia,Feb-20,75000,EdTech
British Columbia,Feb-20,15800000,FinTech
British Columbia,Feb-20,0,FitnessTech
British Columbia,Feb-20,9959250,HealthTech
British Columbia,Feb-20,15000000,HRTech
British Columbia,Feb-20,1600000,SaaS
British Columbia,Feb-20,0,Wearables
British Columbia,Mar-20,25000000,AgTech
British Columbia,Mar-20,750000,BioTech
British Columbia,Mar-20,650000,CyberSecurity
British Columbia,Mar-20,0,EdTech
British Columbia,Mar-20,0,Marketplace
British Columbia,Mar-20,32475000,MarTech
British Columbia,Mar-20,8130000,Networks
British Columbia,Mar-20,6100000,PropertyTech
British Columbia,Mar-20,280000,SaaS
British Columbia,Mar-20,9300000,TravelTech
British Columbia,Apr-20,350000,AdTech
British Columbia,Apr-20,57650100,Quantum
British Columbia,Apr-20,12000000,Wearables
British Columbia,May-20,0,AgTech
British Columbia,May-20,2811625,AI
British Columbia,May-20,10000000,BioTech
British Columbia,May-20,4183500,FinTech
British Columbia,May-20,7500000,HealthTech
British Columbia,May-20,7000000,Marketplace
British Columbia,May-20,9800000,SaaS
British Columbia,Jun-20,0,AI
British Columbia,Jun-20,500000,BioTech
British Columbia,Jun-20,830000,DevTech
British Columbia,Jun-20,1200000,eCommerce
British Columbia,Jun-20,182000,FinTech
British Columbia,Jun-20,0,FitnessTech
British Columbia,Jun-20,1240000,Hardware
British Columbia,Jun-20,3500000,HealthTech
British Columbia,Jun-20,52000000,MarTech
British Columbia,Jun-20,102000,Networks
British Columbia,Jun-20,100000,Robotics
British Columbia,Jun-20,10000000,SaaS
British Columbia,Jun-20,5000000,SalesTech
British Columbia,Jul-20,0,CleanTech
British Columbia,Jul-20,2333333,Cybersecurity
British Columbia,Jul-20,0,FinTech
British Columbia,Jul-20,1300000,GeoTech
British Columbia,Jul-20,1400000,Hardware
British Columbia,Jul-20,0,HealthTech
British Columbia,Aug-20,16000000,Blockchain
British Columbia,Aug-20,2600000,FoodTech
British Columbia,Aug-20,156000,Marketplace
British Columbia,Sep-20,21400000,AI
British Columbia,Sep-20,11600000,Analytics
British Columbia,Sep-20,3500000,BioTech
British Columbia,Sep-20,0,eCommerce
British Columbia,Sep-20,29488800,EdTech
British Columbia,Sep-20,6844911,FinTech
British Columbia,Sep-20,6500000,HealthTech
British Columbia,Sep-20,0,RetailTech
British Columbia,Sep-20,4200000,SaaS
British Columbia,Oct-20,100000,AgTech
British Columbia,Oct-20,100000,AI
British Columbia,Oct-20,1000000,EdTech
British Columbia,Oct-20,5144745,eSports
British Columbia,Oct-20,0,FitnessTech
British Columbia,Oct-20,0,Platform
British Columbia,Nov-20,2500000,Marketplace
British Columbia,Nov-20,10840000,SaaS
British Columbia,Dec-20,3008309,BioTech
British Columbia,Dec-20,2000000,CleanTech
British Columbia,Dec-20,180000,Cryptocurrency
British Columbia,Dec-20,20325000,eCommerce
British Columbia,Dec-20,30000000,FinTech
British Columbia,Dec-20,0,SaaS
British Columbia,Jan-21,100000,Consumer
British Columbia,Jan-21,152856,EdTech
British Columbia,Jan-21,0,FinTech
British Columbia,Jan-21,0,HealthTech
British Columbia,Jan-21,13500000,InsurTech
British Columbia,Jan-21,1000000,RetailTech
British Columbia,Jan-21,0,SaaS
British Columbia,Feb-21,9500000,AI
British Columbia,Feb-21,1250000,AutoTech
British Columbia,Feb-21,640000,BioTech
British Columbia,Feb-21,800000,Consumer
British Columbia,Feb-21,2000000,Cryptocurrency
British Columbia,Feb-21,20000000,CyberSecurity
British Columbia,Feb-21,289000000,FinTech
British Columbia,Feb-21,1294401,PropertyTech
British Columbia,Feb-21,2600000,Robotics
British Columbia,Feb-21,5900000,SaaS
British Columbia,Mar-21,21472700,AI
British Columbia,Mar-21,37911000,AutoTech
British Columbia,Mar-21,378780,BioTech
British Columbia,Mar-21,2512400,Blochchain
British Columbia,Mar-21,385245500,Blockchain
British Columbia,Mar-21,124580000,CleanTech
British Columbia,Mar-21,0,Cryptocurrency
British Columbia,Mar-21,2000000,FinTech
British Columbia,Mar-21,1500000,Games
British Columbia,Mar-21,37893000,HealthTech
British Columbia,Mar-21,4420850,Pharmaceutical
British Columbia,Mar-21,2493000,SaaS
British Columbia,Mar-21,4700000,TravelTech
British Columbia,Apr-21,980000,AI
British Columbia,Apr-21,184200,Analytics
British Columbia,Apr-21,6000000,BioTech
British Columbia,Apr-21,2000000,Blockchain
British Columbia,Apr-21,126000000,FinTech
British Columbia,Apr-21,0,Marketplace
British Columbia,Apr-21,1660000,Robotics
British Columbia,Apr-21,0,SaaS
British Columbia,May-21,0,agTech
British Columbia,May-21,0,AI
British Columbia,May-21,30700,BioTech
British Columbia,May-21,2500000,BlockChain
British Columbia,May-21,3806800,CleanTech
British Columbia,May-21,1785083,CrowdFunding
British Columbia,May-21,6000000,FitnessTech
British Columbia,May-21,2900000,MarTech
British Columbia,May-21,1000000,Platform
British Columbia,May-21,184200,SaaS
British Columbia,Jun-21,2250000,AgTech
British Columbia,Jun-21,6000000,Analytics
British Columbia,Jun-21,965000,BioTech
British Columbia,Jun-21,2000000,Cryptocurrency
British Columbia,Jun-21,73000000,FinTech
British Columbia,Jun-21,9000000,Games
British Columbia,Jun-21,15500000,Marketplace
British Columbia,Jun-21,0,Platform
British Columbia,Jun-21,27000000,SaaS
British Columbia,Jul-21,2500000,BioTech
British Columbia,Jul-21,17700000,Blockchain
British Columbia,Jul-21,25000000,CleanTech
British Columbia,Jul-21,1075621,HealthTech
British Columbia,Jul-21,6200000,PropertyTech
British Columbia,Jul-21,7700000,SaaS
British Columbia,Aug-21,18900000,Cybersecurity
British Columbia,Aug-21,266000000,FinTech
British Columbia,Aug-21,3500000,HealthTech
British Columbia,Aug-21,100000000,Marketplace
British Columbia,Aug-21,5000000,Metaverse
British Columbia,Aug-21,125000,SaaS
British Columbia,Aug-21,0,Wearables
British Columbia,Sep-21,100000000,AgTech
British Columbia,Sep-21,884000,BioTech
British Columbia,Sep-21,7990000,Blockchain
British Columbia,Sep-21,1000000,CleanTech
British Columbia,Sep-21,165000000,FinTech
British Columbia,Sep-21,484000,Hardware
British Columbia,Sep-21,1605025,HealthTech
British Columbia,Sep-21,1900000,Platform
British Columbia,Oct-21,822000,Blockchain
British Columbia,Oct-21,8000000,CleanTech
British Columbia,Oct-21,3000000,CyberSecurity
British Columbia,Oct-21,20000000,FinTech
British Columbia,Oct-21,60000,FitnessTech
British Columbia,Oct-21,0,Games
British Columbia,Oct-21,20000,HealthTech
British Columbia,Oct-21,110000,Marketplace
British Columbia,Oct-21,565000,Platform
British Columbia,Oct-21,7000,Robotics
British Columbia,Oct-21,49300000,SaaS
British Columbia,Nov-21,4200000,AgTech
British Columbia,Nov-21,4300000,AI
British Columbia,Nov-21,0,CleanTech
British Columbia,Nov-21,1600000,HealthTech
British Columbia,Nov-21,0,LogisticsTech
British Columbia,Nov-21,100000,Marketplace
British Columbia,Nov-21,17900000,PaaS
British Columbia,Nov-21,30000000,Platform
British Columbia,Nov-21,600000,SaaS
British Columbia,Dec-21,79200000,AI
British Columbia,Dec-21,37900000,AutoTech
British Columbia,Dec-21,99000000,Blockchain
British Columbia,Dec-21,5500000,DevTech
British Columbia,Dec-21,1680000,FinTech
British Columbia,Dec-21,68000,Games
British Columbia,Dec-21,9000000,Hardware
British Columbia,Dec-21,92900000,HealthTech
British Columbia,Dec-21,6300000,Misc
British Columbia,Jan-22,50909000,BioTech
British Columbia,Jan-22,18700000,CleanTech
British Columbia,Jan-22,2500000,DevTech
British Columbia,Jan-22,87260000,FinTech
British Columbia,Jan-22,125000,LogisticsTech
British Columbia,Jan-22,2760000,Marketplace
British Columbia,Jan-22,7663800,MarTech
British Columbia,Jan-22,750000,SaaS
British Columbia,Feb-22,7300000,Blockchain
British Columbia,Feb-22,2000000,CleanTech
British Columbia,Feb-22,76096500,eCommerce
British Columbia,Feb-22,540000,FitnessTech
British Columbia,Feb-22,4400000,Games
British Columbia,Feb-22,9800000,Metaverse
British Columbia,Feb-22,15300000,PropertyTech
British Columbia,Feb-22,0,Social
British Columbia,Mar-22,75500000,AI
British Columbia,Mar-22,15079140,BioTech
British Columbia,Mar-22,1884502,FinTech
British Columbia,Mar-22,0,InsurTech
British Columbia,Mar-22,636000,SaaS
British Columbia,Apr-22,135000000,Blockchain
British Columbia,Apr-22,36513465,FinTech
British Columbia,Apr-22,1100000,HealthTech
British Columbia,Apr-22,0,Platform
British Columbia,Apr-22,3000000,SaaS
British Columbia,May-22,8980370,CleanTech
British Columbia,May-22,7000000,CyberSecurity
British Columbia,May-22,5299783,MedTech
British Columbia,May-22,65100000,PropertyTech
British Columbia,May-22,1900000,SaaS
British Columbia,Jun-22,6200000,AgTech
British Columbia,Jun-22,400000,ConstructionTech
British Columbia,Jun-22,7000000,CyberSecurity
British Columbia,Jun-22,13100000,DevTech
British Columbia,Jun-22,2250000,HRTech
British Columbia,Jun-22,350000,NoCode
British Columbia,Jun-22,2600000,PropertyTech
British Columbia,Jun-22,5100000,SaaS
British Columbia,Jun-22,33900000,SalesTech
British Columbia,Jun-22,638882,WellnessTech
British Columbia,Jul-22,45000000,CleanTech
British Columbia,Jul-22,1000000,HealthTech
British Columbia,Jul-22,1549956,Logistics
British Columbia,Aug-22,3100000,Analytics
British Columbia,Aug-22,2000000,FinTech
British Columbia,Sep-22,2500000,Analytics
British Columbia,Sep-22,4000000,FinTech
British Columbia,Sep-22,21070000,GeoTech
British Columbia,Sep-22,1100000,Metaverse
British Columbia,Sep-22,0,Robotics
British Columbia,Oct-22,2000000,FinTech
British Columbia,Oct-22,5500000,GeoSpatial
British Columbia,Oct-22,750000,Social
British Columbia,Nov-22,4700000,AI
British Columbia,Nov-22,12800000,CleanTech
British Columbia,Nov-22,6000000,SaaS
British Columbia,Dec-22,318000000,CleanTech
British Columbia,Dec-22,30000000,eCommerce
British Columbia,Dec-22,42000000,MarTech
British Columbia,Dec-22,12000000,Networks
British Columbia,Dec-22,1500000,SaaS
British Columbia,Jan-23,8053650,AgTech
British Columbia,Jan-23,6700000,SaaS
British Columbia,Feb-23,9100000,AgTech
British Columbia,Feb-23,1000000,FinTech
British Columbia,Feb-23,4000000,InsurTech
British Columbia,Mar-23,21708240,CleanTech
British Columbia,Mar-23,34400000,PropertyTech
British Columbia,Mar-23,10000000,SaaS
British Columbia,Apr-23,120000000,Blockchain
British Columbia,Apr-23,3700000,CleanTech
British Columbia,Apr-23,12000000,CyberSecurity
British Columbia,Apr-23,700000,FinTech
British Columbia,Apr-23,0,HealthTech
British Columbia,Apr-23,40625850,PropertyTech
British Columbia,Apr-23,1300000,SaaS
British Columbia,May-23,0,AI
British Columbia,May-23,2000000,Artificial Intelligences
British Columbia,May-23,300000000,BioTech
British Columbia,May-23,6000000,Mining Technology
British Columbia,May-23,1483625,SaaS
British Columbia,Jun-23,3299975,FitnessTech
British Columbia,Jun-23,3500000,LegalTech
British Columbia,Jun-23,3000000,Recruiting
British Columbia,Jul-23,3000000,CleanTech
British Columbia,Jul-23,42302400,ERP
British Columbia,Jul-23,1000000,iOT
British Columbia,Aug-23,10000000,Analytics
British Columbia,Aug-23,33500000,CleanTech
British Columbia,Aug-23,2700000,eCommerce
British Columbia,Sep-23,27283000,Robotics
British Columbia,Oct-23,2500000,Artificial Intelligences
British Columbia,Oct-23,68000000,FinTech
British Columbia,Oct-23,5700000,Marketplace
British Columbia,Nov-23,3600000,AgTech
British Columbia,Nov-23,2000000,FinTech
British Columbia,Nov-23,137000000,Hardware
British Columbia,Nov-23,17500000,Robotics
British Columbia,Dec-23,18000000,AI
British Columbia,Dec-23,26700000,CleanTech
British Columbia,Dec-23,13500000,SaaS
British Columbia,Jan-24,0,Enterprise Software
British Columbia,Jan-24,22900000,SaaS
British Columbia,Feb-24,2100000,Imaging
British Columbia,Feb-24,7900000,SaaS
British Columbia,Mar-24,0,AI
British Columbia,Mar-24,4500000,Analytics
British Columbia,Mar-24,28000000,CleanTech
British Columbia,Mar-24,1200000,ConstructionTech
British Columbia,Mar-24,4735605,Marketplace
British Columbia,Apr-24,70000000,Last Mile Transportation
British Columbia,Apr-24,24600000,SaaS
British Columbia,May-24,1500000,Data
British Columbia,May-24,2300000,FoodTech
British Columbia,May-24,3417550,Games
British Columbia,May-24,1500000,HealthTech
British Columbia,May-24,10000000,Networks
British Columbia,May-24,2100000,Social
British Columbia,Jun-24,2500000,AI
British Columbia,Jun-24,6838325,Blockchain
British Columbia,Jun-24,143000000,Hardware
British Columbia,Jun-24,10000000,SaaS
British Columbia,Jul-24,0,AI
British Columbia,Jul-24,0,data analysis
British Columbia,Jul-24,13600000,Maritime Transportation
British Columbia,Jul-24,0,Medical Device
British Columbia,Jul-24,1240000000,SaaS
British Columbia,Jul-24,3100000,"Technology, Information, Inter"
British Columbia,Aug-24,137000000,CleanTech
British Columbia,Aug-24,20000000,Electrochromic
British Columbia,Aug-24,10000000,FoodTech
British Columbia,Aug-24,15000000,Manufacturing
British Columbia,Sep-24,8800000,ag-tech
British Columbia,Sep-24,42000000,SaaS
British Columbia,Oct-24,175000000,Biotechnology Research
British Columbia,Oct-24,28100000,CleanTech
British Columbia,Oct-24,822000000,FinTech
British Columbia,Oct-24,2900000,Online Audio and Video Media
British Columbia,Oct-24,3,"Technology, Information and Me"
British Columbia,Nov-24,28,BioTech
British Columbia,Nov-24,0,Biotechnology Research
British Columbia,Nov-24,42200000,Last Mile Transportation
British Columbia,Nov-24,4000000,Manufacturing
British Columbia,Dec-24,5000000,Artificial Intelligences
British Columbia,Dec-24,30000000,Biotechnology Research
British Columbia,Dec-24,115000000,GeoSpatial
British Columbia,Jan-25,165000000,BioTech
British Columbia,Jan-25,15800000,CleanTech
British Columbia,Jan-25,9,Hospitals and Health Care
British Columbia,Jan-25,24500000,"Technology, Information, Inter"
East Coast,May-19,156000,SaaS
East Coast,Jun-19,30000,Marketplace
East Coast,Jul-19,290000,BioTech
East Coast,Jul-19,1200000,CyberSecurity
East Coast,Aug-19,2600000,AgTech
East Coast,Aug-19,1500000,HealthTech
East Coast,Sep-19,600000,HealthTech
East Coast,Sep-19,950000,SaaS
East Coast,Oct-19,120000,AgTech
East Coast,Oct-19,200000,GeoTech
East Coast,Oct-19,550000,HealthTech
East Coast,Nov-19,25000,SaaS
East Coast,Mar-20,0,SaaS
East Coast,Apr-20,25000,GeoTech
East Coast,Sep-20,120000,Analytics
East Coast,Sep-20,8000000,SaaS
East Coast,Oct-20,120000,CyberSecurity
East Coast,Oct-20,989216,SaaS
East Coast,Dec-20,125000,GeoTech
East Coast,Jan-21,750000,CyberSecurity
East Coast,Jan-21,1200000,HealthTech
East Coast,Feb-21,2300000,Analytics
East Coast,Mar-21,6000000,AgTech
East Coast,Mar-21,2500000,SaaS
East Coast,Apr-21,2500000,AgTech
East Coast,Apr-21,3800000,Analytics
East Coast,May-21,750000,HealthTech
East Coast,Jun-21,120000,HealthTech
East Coast,Jun-21,100000000,SaaS
East Coast,Jul-21,1000000,GeoTech
East Coast,Jul-21,314273,HRTech
East Coast,Jul-21,3750000,Marketplace
East Coast,Jul-21,110000,SaaS
East Coast,Aug-21,0,SaaS
East Coast,Sep-21,700000,BioTech
East Coast,Sep-21,500000,FinTech
East Coast,Sep-21,3250000,HealthTech
East Coast,Sep-21,5000000,SaaS
East Coast,Oct-21,21000000,SaaS
East Coast,Nov-21,25000,Analytics
East Coast,Nov-21,25000,BioTech
East Coast,Nov-21,20300000,Hardware
East Coast,Nov-21,25000,HealthTech
East Coast,Dec-21,4100000,CyberSecurity
East Coast,Dec-21,270000,SaaS
East Coast,Dec-21,0,SportsTech
East Coast,Jan-22,3000000,CyberSecurity
East Coast,Feb-22,4000000,AI
East Coast,Feb-22,636000,FinTech
East Coast,Feb-22,636000,GeoTech
East Coast,Feb-22,3200000,HRTech
East Coast,Mar-22,4700000,AR
East Coast,Mar-22,4200000,CleanTech
East Coast,Mar-22,5100000,HealthTech
East Coast,Mar-22,2000000,SaaS
East Coast,May-22,300000,AgTech
East Coast,May-22,30000000,CleanTech
East Coast,May-22,2950000,FinTech
East Coast,May-22,2300000,HealthTech
East Coast,May-22,350000,SaaS
East Coast,Jul-22,26000000,Analytics
East Coast,Jul-22,11800000,SaaS
East Coast,Sep-22,2000000,Artificial Intelligences
East Coast,Sep-22,5100000,Health Care Services
East Coast,Sep-22,1450000,HRTech
East Coast,Oct-22,3030000,FinTech
East Coast,Dec-22,40975950,Medical
East Coast,Jan-23,8000000,AgTech
East Coast,Feb-23,6700000,HealthTech
East Coast,May-23,1400000,AgTech
East Coast,Jun-23,1130000,InsurTech
East Coast,Jul-23,3520000,BioTech
East Coast,Jul-23,105934800,CleanTech
East Coast,Mar-24,1100000,HealthTech
East Coast,Apr-24,7814480,CyberSecurity
East Coast,May-24,2000000,AI
East Coast,May-24,4000000,GreenTech
East Coast,May-24,28600000,SaaS
East Coast,Jun-24,4000000,BioTech
East Coast,Jun-24,1300000,SaaS
East Coast,Jul-24,782000,MedTech
East Coast,Jul-24,575000,Software Development
East Coast,Aug-24,11000000,Analytics
East Coast,Aug-24,0,Automation Machinery Manufactu
East Coast,Aug-24,2000000,insurance software
East Coast,Oct-24,15800000,Environmental Services
East Coast,Oct-24,10000000,HealthTech
East Coast,Oct-24,5175000,Maritime Transportation
East Coast,Dec-24,1300000,Software Development
East Coast,Jan-25,23700000,Medical Equipment Manufacturin
Other,Jan-19,0,agTech
Other,Jan-19,25000,Analytics
Other,Jan-19,0,Consumer
Other,Jan-19,22000000,eCommerce
Other,Jan-19,259000,FitnessTech
Other,Jan-19,10000000,SaaS
Other,Jan-19,0,SportsTech
Other,Mar-19,32272,Analytics
Other,Mar-19,150823,Hardware
Other,Mar-19,0,iOT
Other,Apr-19,140127750,BioTech
Other,Apr-19,1331350,iOT
Other,Apr-19,0,TravelTech
Other,May-19,25000000,BioTech
Other,Jul-19,0,AgTech
Other,Jul-19,725802,Marketplace
Other,Jul-19,1474031,SaaS
Other,Aug-19,0,HealthTech
Other,Aug-19,0,Marketplace
Other,Aug-19,300000,Platform
Other,Sep-19,0,SaaS
Other,Oct-19,0,Hardware
Other,Nov-19,2647440,Hardware
Other,Nov-19,500000,Marketplace
Other,Dec-19,200000,HealthTech
Other,Jan-20,0,AI
Other,Jan-20,52252,BioTech
Other,Jan-20,330000,FitnessTech
Other,Jan-20,39189,Marketplace
Other,Jan-20,0,NanoTech
Other,Jan-20,0,SaaS
Other,Jan-20,0,SocialTech
Other,Mar-20,156000,Marketplace
Other,Mar-20,0,Platform
Other,May-20,0,BioTech
Other,May-20,5330000,NanoTech
Other,May-20,0,SocialTech
Other,Jun-20,0,Networks
Other,Aug-20,1302161,HealthTech
Other,Sep-20,326358,HealthTech
Other,Jan-21,35000000,eCommerce
Other,Feb-21,3174625,Consumer
Other,Feb-21,17899700,HealthTech
Other,Feb-21,8400000,TravelTech
Other,Apr-21,13000000,BioTech
Other,Apr-21,0,eCommerce
Other,Apr-21,1500000,FinTech
Other,May-21,20000000,AgTech
Other,May-21,7000000,Marketplace
Other,May-21,21500000,SaaS
Other,Jun-21,5200000,AgTech
Other,Jun-21,0,AI
Other,Jul-21,27549500,AgTech
Other,Jul-21,690000,AI
Other,Jul-21,7500000,FinTech
Other,Aug-21,2800000,AI
Other,Aug-21,2800000,Analytics
Other,Aug-21,1700000,Robotics
Other,Oct-21,3000000,EdTech
Other,Oct-21,26000000,NanoTech
Other,Oct-21,470000,Platform
Other,Oct-21,28000000,SaaS
Other,Nov-21,189000,FinTech
Other,Nov-21,125000,LogisticsTech
Other,Nov-21,0,Marketplace
Other,Jan-22,450000,VideoTech
Other,Feb-22,0,Games
Other,Feb-22,13500000,iOT
Other,Feb-22,101600000,SaaS
Other,Mar-22,1250000,LogisticsTech
Other,Mar-22,16100000,Marketplace
Other,Mar-22,500000,SaaS
Other,Apr-22,3700000,ContructionTech
Other,Jun-22,1200000,SaaS
Other,Jul-22,0,HealthTech
Other,Jul-22,0,LegalTech
Other,Jul-22,0,SaaS
Other,Jan-23,20000000,TravelTech
Other,Feb-23,24000000,FinTech
Other,Apr-23,27000000,CleanTech
Other,Apr-23,1200000,SaaS
Other,May-23,1200000,Marketing
Other,Oct-23,20000000,Marketplace
Other,Mar-24,27219800,HealthTech
Other,Apr-24,2300000,AI
Other,May-24,250000,SportsTech
Other,Jul-24,2000000,MedTech
Other,Sep-24,71000000,CleanTech
Other,Oct-24,2000000,"Technology, Information and In"
Other,Jan-25,2000000,CleanTech
Other,Jan-25,0,Medical Equipment Manufacturin
Other,Feb-25,3000000,Rail Transportation
Ottawa,Jan-19,16300000,Analytics
Ottawa,Jan-19,0,BioTech
Ottawa,Jan-19,0,CyberSecurity
Ottawa,Jan-19,0,Hardware
Ottawa,Jan-19,0,SaaS
Ottawa,Feb-19,1331090,Consumer
Ottawa,Feb-19,0,Hardware
Ottawa,Feb-19,0,SaaS
Ottawa,Mar-19,1329400,AI
Ottawa,Mar-19,0,Platform
Ottawa,Apr-19,0,Networks
Ottawa,May-19,33509750,eCommerce
Ottawa,May-19,0,HealthTech
Ottawa,Jun-19,500000,BioTech
Ottawa,Jun-19,333196,CyberSecurity
Ottawa,Jun-19,39473080,FinTech
Ottawa,Jun-19,8511783,SaaS
Ottawa,Jul-19,0,Marketplace
Ottawa,Aug-19,0,CyberSecurity
Ottawa,Aug-19,3900000,SaaS
Ottawa,Sep-19,0,HealthTech
Ottawa,Sep-19,105727,SaaS
Ottawa,Oct-19,5335020,Analytics
Ottawa,Oct-19,2611140,CyberSecurity
Ottawa,Oct-19,0,DevTech
Ottawa,Oct-19,0,Hardware
Ottawa,Oct-19,197052,HealthTech
Ottawa,Nov-19,14575770,CyberSecurity
Ottawa,Dec-19,0,AI
Ottawa,Jan-20,0,CyberSecurity
Ottawa,Jan-20,0,FinTech
Ottawa,Jan-20,0,SaaS
Ottawa,Feb-20,0,EdTech
Ottawa,Feb-20,0,Networks
Ottawa,Mar-20,13396050,SaaS
Ottawa,Apr-20,167878,AR
Ottawa,Apr-20,699163,FinTech
Ottawa,May-20,3439338,BioTech
Ottawa,Jun-20,23000000,Analytics
Ottawa,Jun-20,6000000,Consumer
Ottawa,Jun-20,0,Data
Ottawa,Aug-20,0,eCommerce
Ottawa,Aug-20,2000000,HealthTech
Ottawa,Jan-21,120000,CleanTech
Ottawa,Jan-21,19084125,Data
Ottawa,Feb-21,4460000,SaaS
Ottawa,Mar-21,0,BioTech
Ottawa,Apr-21,2000000,CleanTech
Ottawa,Apr-21,0,SaaS
Ottawa,May-21,23000000,Marketplace
Ottawa,Aug-21,125000,Platform
Ottawa,Aug-21,3800000,SaaS
Ottawa,Sep-21,65000000,Data
Ottawa,Sep-21,1250000,EdTech
Ottawa,Sep-21,3000000,SaaS
Ottawa,Oct-21,0,BioTech
Ottawa,Oct-21,0,FinTech
Ottawa,Oct-21,29500000,SaaS
Ottawa,Nov-21,43600000,3DTech
Ottawa,Nov-21,2000000,DevTech
Ottawa,Nov-21,31000000,MarTech
Ottawa,Dec-21,8500000,DevTech
Ottawa,Dec-21,61900000,Networks
Ottawa,Dec-21,0,SaaS
Ottawa,Jan-22,1915740,AdTech
Ottawa,Jan-22,33850000,PropertyTech
Ottawa,Jan-22,446500000,SaaS
Ottawa,May-22,5000000,LogisticsTech
Ottawa,Jun-22,3200000,SaaS
Ottawa,Jul-22,17172870,BioTech
Ottawa,Jul-22,3000000,SaaS
Ottawa,Aug-22,20000000,SaaS
Ottawa,Sep-22,5000000,CleanTech
Ottawa,Sep-22,25000000,Misc
Ottawa,Oct-22,41000000,CyberSecurity
Ottawa,Nov-22,2390000,SaaS
Ottawa,Dec-22,19532152,SaaS
Ottawa,Jan-23,15966300,Application Software
Ottawa,Feb-23,9500000,SaaS
Ottawa,Jul-23,79145100,Analytics
Ottawa,Jul-23,79195200,FinTech
Ottawa,Aug-23,30000000,CyberSecurity
Ottawa,Sep-23,3250000,SpaceTech
Ottawa,May-24,3000000,AgTech
Ottawa,Jun-24,10000000,Automotive
Ottawa,Aug-24,5000000,SaaS
Ottawa,Nov-24,0,Construction Software
Ottawa,Jan-25,2880000,Esphera SynBio
Quebec,Jan-19,0,3DTech
Quebec,Jan-19,15912360,AdTech
Quebec,Jan-19,0,AgTech
Quebec,Jan-19,0,AI
Quebec,Jan-19,0,Analytics
Quebec,Jan-19,0,CleanTech
Quebec,Jan-19,0,CyberSecurity
Quebec,Jan-19,0,EdTech
Quebec,Jan-19,0,FinTech
Quebec,Jan-19,0,Hardware
Quebec,Jan-19,0,HealthTech
Quebec,Jan-19,0,Marketplace
Quebec,Jan-19,0,PropertyTech
Quebec,Jan-19,0,Robotics
Quebec,Jan-19,0,SaaS
Quebec,Jan-19,0,TransportationTech
Quebec,Feb-19,1400000,Analytics
Quebec,Feb-19,0,EdTech
Quebec,Feb-19,157398,FinTech
Quebec,Feb-19,1000000,HealthTech
Quebec,Feb-19,3930000,Marketplace
Quebec,Mar-19,50000,eSports
Quebec,Mar-19,15000000,HealthTech
Quebec,Mar-19,0,MarTech
Quebec,Mar-19,0,TravelTech
Quebec,Apr-19,2000000,AI
Quebec,Apr-19,0,Analytics
Quebec,Apr-19,1900000,BioTech
Quebec,Apr-19,13314,Hardware
Quebec,Apr-19,400000,LogisticsTech
Quebec,Apr-19,1336525,Platform
Quebec,Apr-19,1345525,PropertyTech
Quebec,May-19,125000,FitnessTech
Quebec,May-19,125000,Hardware
Quebec,May-19,672473,Marketplace
Quebec,May-19,0,SaaS
Quebec,May-19,0,TravelTech
Quebec,Jun-19,9887625,AI
Quebec,Jun-19,0,Analytics
Quebec,Jun-19,0,BioTech
Quebec,Jun-19,0,CyberSecurity
Quebec,Jun-19,1000000,eCommerce
Quebec,Jun-19,338588,Hardware
Quebec,Jun-19,0,HealthTech
Quebec,Jun-19,4593225,Platform
Quebec,Jun-19,200000,PropertyTech
Quebec,Jun-19,200872,SaaS
Quebec,Jun-19,19600000,TransportationTech
Quebec,Jul-19,250000,Analytics
Quebec,Jul-19,5223060,eCommerce
Quebec,Jul-19,24865110,EntertainmentTech
Quebec,Jul-19,30000000,Games
Quebec,Jul-19,51000000,HealthTech
Quebec,Jul-19,196928,LogisticsTech
Quebec,Jul-19,0,SaaS
Quebec,Aug-19,8317813,Analytics
Quebec,Aug-19,0,BioTech
Quebec,Aug-19,0,Cryptocurrency
Quebec,Aug-19,300000,FinTech
Quebec,Aug-19,490000,HealthTech
Quebec,Aug-19,0,HRTech
Quebec,Aug-19,199988,LogisticsTech
Quebec,Aug-19,156000,Marketplace
Quebec,Aug-19,27727875,Platform
Quebec,Sep-19,400000,3DTech
Quebec,Sep-19,3440190,AI
Quebec,Sep-19,8209544,Cryptocurrency
Quebec,Sep-19,2654100,Data
Quebec,Sep-19,10000000,EdTech
Quebec,Sep-19,158046,HealthTech
Quebec,Sep-19,1100000,Platform
Quebec,Sep-19,0,TransportationTech
Quebec,Oct-19,0,AI
Quebec,Oct-19,0,Analytics
Quebec,Oct-19,1313680,CyberSecurity
Quebec,Oct-19,2665880,EdTech
Quebec,Oct-19,20000000,HealthTech
Quebec,Oct-19,4600000,Networks
Quebec,Oct-19,2350026,PropertyTech
Quebec,Oct-19,0,SaaS
Quebec,Nov-19,53000000,AI
Quebec,Nov-19,10000000,FinTech
Quebec,Nov-19,600000,iOT
Quebec,Nov-19,22500000,Marketplace
Quebec,Nov-19,0,PropertyTech
Quebec,Dec-19,25000,CleanTech
Quebec,Dec-19,1202315,eCommerce
Quebec,Dec-19,7904700,FinTech
Quebec,Dec-19,1270828,FitnessTech
Quebec,Dec-19,1235427,Hardware
Quebec,Dec-19,527734,HealthTech
Quebec,Dec-19,3816298,HRTech
Quebec,Dec-19,0,PropertyTech
Quebec,Dec-19,1800000,SaaS
Quebec,Jan-20,2000000,AdTech
Quebec,Jan-20,2032500,AI
Quebec,Jan-20,0,Analytics
Quebec,Jan-20,1800000,BioTech
Quebec,Jan-20,0,EntertainmentTech
Quebec,Jan-20,600000,Hardware
Quebec,Jan-20,62785300,HealthTech
Quebec,Jan-20,1800000,LegalTech
Quebec,Jan-20,12500000,Platform
Quebec,Jan-20,14227500,SaaS
Quebec,Feb-20,6500000,BioTech
Quebec,Feb-20,800000,GreenTech
Quebec,Feb-20,700000,HealthTech
Quebec,Feb-20,500000,SaaS
Quebec,Mar-20,6500000,AgTech
Quebec,Mar-20,600000,Analytics
Quebec,Mar-20,0,eCommerce
Quebec,Mar-20,300000,FinTech
Quebec,Mar-20,3500000,GreenTech
Quebec,Mar-20,2000000,SaaS
Quebec,Apr-20,12000000,AI
Quebec,Apr-20,1575000,BioTech
Quebec,Apr-20,70600000,Cybersecurity
Quebec,Apr-20,0,eSports
Quebec,Apr-20,0,GreenTech
Quebec,Apr-20,0,HealthTech
Quebec,May-20,75000,Analytics
Quebec,May-20,62330000,BioTech
Quebec,May-20,1005000,LegalTech
Quebec,May-20,223306,NanoTech
Quebec,May-20,30000,PropertyTech
Quebec,May-20,1000000,SaaS
Quebec,May-20,0,TransportationTech
Quebec,Jun-20,2500000,3DTech
Quebec,Jun-20,3900000,AgTech
Quebec,Jun-20,1480000,Analytics
Quebec,Jun-20,1200000,BioTech
Quebec,Jun-20,160000,eCommerce
Quebec,Jun-20,11500000,FinTech
Quebec,Jun-20,3850000,FoodTech
Quebec,Jun-20,5000000,HealthTech
Quebec,Jun-20,6900000,Marketplace
Quebec,Jun-20,0,MarTech
Quebec,Jun-20,38000000,Robotics
Quebec,Jun-20,0,SaaS
Quebec,Jun-20,230350000,TravelTech
Quebec,Jul-20,100000,AI
Quebec,Jul-20,665337,BioTech
Quebec,Jul-20,5200000,CleanTech
Quebec,Jul-20,50000,FinTech
Quebec,Jul-20,120000,FoodTech
Quebec,Jul-20,0,Hardware
Quebec,Jul-20,29999,HealthTech
Quebec,Jul-20,0,LogisticsTech
Quebec,Jul-20,120000,Marketplace
Quebec,Jul-20,3750000,PropertyTech
Quebec,Jul-20,250000,Quantum
Quebec,Aug-20,156000,Data
Quebec,Aug-20,11500000,InsurTech
Quebec,Sep-20,0,Analytics
Quebec,Sep-20,18000000,BioTech
Quebec,Sep-20,3385000,CleanTech
Quebec,Sep-20,100000,Data
Quebec,Sep-20,250675000,eCommerce
Quebec,Sep-20,200000,FoodTech
Quebec,Sep-20,0,HealthTech
Quebec,Sep-20,120000,Marketplace
Quebec,Sep-20,6500000,Robotics
Quebec,Sep-20,0,SaaS
Quebec,Sep-20,4000000,Wearables
Quebec,Oct-20,16343079,3DTech
Quebec,Oct-20,0,Analytics
Quebec,Oct-20,1800000,FoodTech
Quebec,Oct-20,0,SaaS
Quebec,Nov-20,3500000,HealthTech
Quebec,Nov-20,8000000,Networks
Quebec,Nov-20,8000000,PropertyTech
Quebec,Dec-20,2150163,AI
Quebec,Dec-20,11000005,Analytics
Quebec,Dec-20,7500000,BioTech
Quebec,Dec-20,8500000,eCommerce
Quebec,Dec-20,16887296,EdTech
Quebec,Dec-20,0,Hardware
Quebec,Dec-20,4000000,HealthTech
Quebec,Dec-20,0,LogisticsTech
Quebec,Dec-20,11141000,MarTech
Quebec,Dec-20,4700000,Mobile
Quebec,Dec-20,0,SaaS
Quebec,Jan-21,10000,AI
Quebec,Jan-21,8000000,CyberSecurity
Quebec,Jan-21,7599600,HealthTech
Quebec,Feb-21,1300000,AgTech
Quebec,Feb-21,23689,CleanTech
Quebec,Feb-21,128180,Consumer
Quebec,Feb-21,200000,LegalTech
Quebec,Feb-21,1429876,LogisticsTech
Quebec,Feb-21,2500000,NanoTech
Quebec,Feb-21,3000000,RetailTech
Quebec,Mar-21,350000,AgTech
Quebec,Mar-21,6500000,AI
Quebec,Mar-21,4500000,EdTech
Quebec,Mar-21,1476779,FinTech
Quebec,Mar-21,0,Games
Quebec,Mar-21,0,HealthTech
Quebec,Mar-21,156000,Networks
Quebec,Mar-21,1000000,RetailTech
Quebec,Mar-21,2500000,SaaS
Quebec,Mar-21,14000000,SportsTech
Quebec,Mar-21,213000000,TravelTech
Quebec,Apr-21,4912000,AI
Quebec,Apr-21,900000,Blockchain
Quebec,Apr-21,40000000,CleanTech
Quebec,Apr-21,15000000,DevTech
Quebec,Apr-21,100000000,HealthTech
Quebec,Apr-21,1500000,Marketplace
Quebec,Apr-21,0,Quantum
Quebec,Apr-21,25000,SaaS
Quebec,May-21,1600000,Analytics
Quebec,May-21,15000000,BioTech
Quebec,May-21,70000,eCommerce
Quebec,May-21,18420000,FinTech
Quebec,May-21,1250000,Platform
Quebec,May-21,4420800,SaaS
Quebec,Jun-21,184200,AI
Quebec,Jun-21,3000000,AudioTech
Quebec,Jun-21,73500000,Blockchain
Quebec,Jun-21,0,eCommerce
Quebec,Jun-21,122800000,EdTech
Quebec,Jun-21,76000000,FinTech
Quebec,Jun-21,225000000,HealthTech
Quebec,Jun-21,25000000,SaaS
Quebec,Jul-21,150000,AgTech
Quebec,Jul-21,23000000,AI
Quebec,Jul-21,19100000,Analytics
Quebec,Jul-21,5500000,CleanTech
Quebec,Jul-21,12750000,FitnessTech
Quebec,Jul-21,15000,HealthTech
Quebec,Jul-21,1585541,NanoTech
Quebec,Jul-21,25000000,Networks
Quebec,Aug-21,25042100,AI
Quebec,Aug-21,37600000,BioTech
Quebec,Aug-21,35000000,CyberSecurity
Quebec,Aug-21,2000000,FinTech
Quebec,Aug-21,1250000,HealthTech
Quebec,Aug-21,5000000,PropertyTech
Quebec,Aug-21,175000000,TravelTech
Quebec,Sep-21,14400000,3DTech
Quebec,Sep-21,3500000,CleanTech
Quebec,Sep-21,320000,DevTech
Quebec,Sep-21,1500000,eCommerce
Quebec,Sep-21,638820,Games
Quebec,Sep-21,120000,Hardware
Quebec,Sep-21,650000,SaaS
Quebec,Oct-21,24000000,AI
Quebec,Oct-21,485000,AutoTech
Quebec,Oct-21,1600000,HealthTech
Quebec,Oct-21,0,LogisticsTech
Quebec,Oct-21,1300000,Marketplace
Quebec,Oct-21,12400000,SaaS
Quebec,Oct-21,2150000,VideoTech
Quebec,Nov-21,20000000,Analytics
Quebec,Nov-21,3700000,FinTech
Quebec,Nov-21,3200000,Hardware
Quebec,Nov-21,4000000,Marketplace
Quebec,Nov-21,7000000,PaaS
Quebec,Nov-21,0,Platform
Quebec,Nov-21,1500000,SaaS
Quebec,Nov-21,3807450,Wearables
Quebec,Dec-21,56800000,AI
Quebec,Dec-21,21575000,BioTech
Quebec,Dec-21,1200000,Platform
Quebec,Jan-22,125000000,CleanTech
Quebec,Jan-22,44000000,Cryptocurrency
Quebec,Jan-22,60000000,Hardware
Quebec,Jan-22,20000000,SaaS
Quebec,Feb-22,63000000,BioTech
Quebec,Feb-22,343000000,EdTech
Quebec,Feb-22,16800000,FinTech
Quebec,Feb-22,3809325,Games
Quebec,Feb-22,147895940,Hardware
Quebec,Feb-22,2600000,HealthTech
Quebec,Feb-22,181000000,Marketplace
Quebec,Feb-22,30000000,Platform
Quebec,Feb-22,9500000,Quantum
Quebec,Feb-22,40000000,Robotics
Quebec,Mar-22,15000000,CleanTech
Quebec,Mar-22,1401455,Games
Quebec,Mar-22,4300000,HealthTech
Quebec,Mar-22,120000000,Marketplace
Quebec,Mar-22,1400000,SaaS
Quebec,Apr-22,2650000,DevTech
Quebec,Apr-22,6000000,InsurTech
Quebec,Apr-22,2000000,TravelTech
Quebec,May-22,10500000,Analytics
Quebec,May-22,9100000,Blockchain
Quebec,May-22,5827702,CleanTech
Quebec,May-22,4950000,Marketplace
Quebec,May-22,123700000,Robotics
Quebec,May-22,3500000,SaaS
Quebec,Jun-22,2500000,Analytics
Quebec,Jun-22,9500000,CyberSecurity
Quebec,Jun-22,25000000,MarTech
Quebec,Jun-22,10000000,SaaS
Quebec,Jul-22,30000000,AI
Quebec,Jul-22,5200000,FitnessTech
Quebec,Jul-22,3910755,Games
Quebec,Jul-22,2500000,HealthTech
Quebec,Jul-22,18000000,SaaS
Quebec,Aug-22,5000000,EdTech
Quebec,Aug-22,0,Wearables
Quebec,Sep-22,0,AI
Quebec,Sep-22,0,CleanTech
Quebec,Sep-22,4200000,FinTech
Quebec,Sep-22,27,Platform
Quebec,Sep-22,4690000,VisionTech
Quebec,Oct-22,13750000,Application Software
Quebec,Oct-22,95000000,BioTech
Quebec,Oct-22,2700000,Hardware
Quebec,Oct-22,3000000,SaaS
Quebec,Nov-22,5500000,CleanTech
Quebec,Nov-22,12000000,CyberSecurity
Quebec,Nov-22,22800000,Energy Efficiency
Quebec,Nov-22,5000000,FinTech
Quebec,Nov-22,130000000,TravelTech
Quebec,Dec-22,46000000,AgTech
Quebec,Dec-22,1500000,AI
Quebec,Dec-22,80000000,FinTech
Quebec,Jan-23,30000000,AgTech
Quebec,Jan-23,47000000,AI
Quebec,Feb-23,10000000,3DTech
Quebec,Feb-23,3000000,Communications Infrastructure
Quebec,Feb-23,2000000,HealthTech
Quebec,Mar-23,1000000,AI
Quebec,Mar-23,20000000,BioTech
Quebec,Mar-23,38000000,CleanTech
Quebec,Mar-23,125000000,FinTech
Quebec,Mar-23,34000000,Hardware
Quebec,Apr-23,21000000,AI
Quebec,Apr-23,12000000,Analytics
Quebec,Apr-23,120000000,Electronics
Quebec,Apr-23,5000000,HealthTech
Quebec,Apr-23,26899100,SaaS
Quebec,May-23,15000000,AgTech
Quebec,May-23,6500000,AI
Quebec,May-23,10000000,CleanTech
Quebec,May-23,0,Cloud Computing
Quebec,May-23,20000000,Hardware
Quebec,May-23,3000000,Renewable Energy
Quebec,May-23,27000000,SaaS
Quebec,Jun-23,1671162,Artificial Intelligences
Quebec,Jun-23,125000000,EdTech
Quebec,Jun-23,2500000,MedTech
Quebec,Jul-23,5000000,AI
Quebec,Jul-23,3250000,HealthTech
Quebec,Aug-23,1700000,AI
Quebec,Aug-23,50000000,CleanTech
Quebec,Aug-23,33000000,Payments
Quebec,Aug-23,17500000,PropertyTech
Quebec,Sep-23,1637190,AI
Quebec,Sep-23,59900000,Analytics
Quebec,Sep-23,2000000,BioTech
Quebec,Sep-23,12500000,CleanTech
Quebec,Oct-23,4100000,Artificial Intelligences
Quebec,Oct-23,4780000,CleanTech
Quebec,Oct-23,14000000,iOT
Quebec,Oct-23,5049963,Marketplace
Quebec,Oct-23,13000000,Telecommunications
Quebec,Nov-23,7000000,CleanTech
Quebec,Nov-23,12000000,Electronics
Quebec,Nov-23,5000000,HealthTech
Quebec,Dec-23,12000000,BioTech
Quebec,Dec-23,2300000,RetailTech
Quebec,Jan-24,1500000,Email
Quebec,Jan-24,10000000,HealthTech
Quebec,Jan-24,229000000,SaaS
Quebec,Feb-24,1200000,BioTech
Quebec,Feb-24,1350000,EdTech
Quebec,Feb-24,6067822,FinTech
Quebec,Feb-24,1100000,HealthTech
Quebec,Mar-24,2000000,Analytics
Quebec,Mar-24,2000000,FoodTech
Quebec,Mar-24,1500000,PropertyTech
Quebec,Mar-24,2300000,SaaS
Quebec,Apr-24,1700000,BioTech
Quebec,Apr-24,17400000,CyberSecurity
Quebec,Apr-24,25000000,GreenTech
Quebec,Apr-24,14200000,Industrial Automation
Quebec,May-24,28703850,Analytics
Quebec,May-24,2300000,CleanTech
Quebec,Jun-24,3000000,BioTech
Quebec,Jun-24,0,CleanTech
Quebec,Jun-24,23383840,CyberSecurity
Quebec,Jun-24,171200000,Hardware
Quebec,Jun-24,136000000,Renewable Energy
Quebec,Jun-24,18000000,Telecommunications
Quebec,Jul-24,5000000,AI
Quebec,Jul-24,16000000,CleanTech
Quebec,Jul-24,20000000,CyberSecurity
Quebec,Jul-24,3000000,"information technology , Trade"
Quebec,Jul-24,1200000,Mining Technology
Quebec,Jul-24,35000000,SaaS
Quebec,Jul-24,1600000,Software Development
Quebec,Aug-24,2000000,CyberSecurity
Quebec,Aug-24,51000000,Energy Efficiency
Quebec,Aug-24,1800000,financial services
Quebec,Aug-24,3500000,InsurTech
Quebec,Aug-24,2800000,Pharmaceutical Manufacturing
Quebec,Aug-24,11300000,"Technology, Information, Inter"
Quebec,Sep-24,42000000,BioTech
Quebec,Oct-24,58000000,Animal Feed Manufacturing
Quebec,Oct-24,31000000,Biotechnology
Quebec,Oct-24,2800000,Security and Investigations
Quebec,Oct-24,6200000,"Technology, Information and In"
Quebec,Nov-24,1500000,HealthTech
Quebec,Nov-24,5000000,"Technology, Information, and I"
Quebec,Dec-24,57000000,BioTech
Quebec,Dec-24,30000000,Biotechnology Research
Quebec,Dec-24,57300000,CleanTech
Quebec,Dec-24,6800000,Computers and Electronics Manu
Quebec,Dec-24,30000000,CyberSecurity
Quebec,Jan-25,20000000,SaaS
Quebec,Jan-25,11500000,Software Development
Quebec,Feb-25,4400000,Software Development
Toronto,Jan-19,3049708,AI
Toronto,Jan-19,3300000,BioTech
Toronto,Jan-19,500000,CleanTech
Toronto,Jan-19,80000,eCommerce
Toronto,Jan-19,106112,FinTech
Toronto,Jan-19,1850000,HealthTech
Toronto,Jan-19,199035,MarTech
Toronto,Jan-19,1128582,Misc
Toronto,Jan-19,2642300,Platform
Toronto,Jan-19,657050,PropertyTech
Toronto,Jan-19,0,SaaS
Toronto,Feb-19,157398,AI
Toronto,Feb-19,1100000,Consumer
Toronto,Feb-19,157398,FinTech
Toronto,Feb-19,20960,Hardware
Toronto,Feb-19,1310000,HealthTech
Toronto,Feb-19,13310900,MarTech
Toronto,Feb-19,1729200,PropertyTech
Toronto,Feb-19,175000,SaaS
Toronto,Feb-19,157398,TransportationTech
Toronto,Feb-19,1984290,VR
Toronto,Mar-19,3300000,Analytics
Toronto,Mar-19,2000000,Cybersecurity
Toronto,Mar-19,46117208,FinTech
Toronto,Mar-19,850000,HealthTech
Toronto,Mar-19,3200000,PropertyTech
Toronto,Mar-19,200093,Quantum
Toronto,Mar-19,40037,RetailTech
Toronto,Mar-19,156000,SpaceTech
Toronto,Mar-19,1333950,Wearables
Toronto,Apr-19,17349150,AI
Toronto,Apr-19,0,BioTech
Toronto,Apr-19,3329663,EdTech
Toronto,Apr-19,1750000,FinTech
Toronto,Apr-19,2000000,HealthTech
Toronto,Apr-19,3500000,PaaS
Toronto,Apr-19,7250000,SaaS
Toronto,May-19,671000,AI
Toronto,May-19,1500000,Analytics
Toronto,May-19,891359,Biometrics
Toronto,May-19,1679419,EntertainmentTech
Toronto,May-19,42000000,FinTech
Toronto,May-19,500000,Hardware
Toronto,May-19,671875,HealthTech
Toronto,May-19,2702900,Marketplace
Toronto,May-19,5000000,PropertyTech
Toronto,May-19,100000,SaaS
Toronto,Jun-19,40349,AI
Toronto,Jun-19,9570538,BioTech
Toronto,Jun-19,270870,FinTech
Toronto,Jun-19,6700000,HealthTech
Toronto,Jun-19,32000000,Quantum
Toronto,Jun-19,1500000,SaaS
Toronto,Jun-19,4500000,TransportationTech
Toronto,Jul-19,2614500,AdTech
Toronto,Jul-19,5253800,BioTech
Toronto,Jul-19,4908492,Blockchain
Toronto,Jul-19,500000,CleanTech
Toronto,Jul-19,196928,eCommerce
Toronto,Jul-19,41102775,FinTech
Toronto,Jul-19,1313995,PropertyTech
Toronto,Jul-19,525000,RetailTech
Toronto,Jul-19,500000,Robotics
Toronto,Jul-19,1500000,SaaS
Toronto,Jul-19,1500000,SocialTech
Toronto,Jul-19,156580,TravelTech
Toronto,Aug-19,9200000,Analytics
Toronto,Aug-19,1190565,eCommerce
Toronto,Aug-19,531020,Marketplace
Toronto,Aug-19,12000000,PropertyTech
Toronto,Aug-19,5325383,SaaS
Toronto,Sep-19,66302,AdTech
Toronto,Sep-19,44967210,FinTech
Toronto,Sep-19,49056450,GreenTech
Toronto,Sep-19,14500000,HealthTech
Toronto,Sep-19,0,InsurTech
Toronto,Sep-19,250000,PropertyTech
Toronto,Sep-19,1864730,SaaS
Toronto,Oct-19,3600000,BioTech
Toronto,Oct-19,1850000,CyberSecurity
Toronto,Oct-19,15000,eCommerce
Toronto,Oct-19,25000000,HealthTech
Toronto,Oct-19,0,MarTech
Toronto,Oct-19,13225,SaaS
Toronto,Nov-19,921095,AdTech
Toronto,Nov-19,9207450,AI
Toronto,Nov-19,13271800,BioTech
Toronto,Nov-19,265014000,CyberSecurity
Toronto,Nov-19,90000,eCommerce
Toronto,Nov-19,25000000,FinTech
Toronto,Nov-19,328962,HealthTech
Toronto,Nov-19,1991625,Networks
Toronto,Nov-19,13301150,PropertyTech
Toronto,Dec-19,2000000,AI
Toronto,Dec-19,650225,BatteryTech
Toronto,Dec-19,5692254,BioTech
Toronto,Dec-19,1329290,CleanTech
Toronto,Dec-19,20297968,FinTech
Toronto,Dec-19,3000000,HealthTech
Toronto,Dec-19,13200000,LogisticsTech
Toronto,Dec-19,620000,Robotics
Toronto,Dec-19,988087,SaaS
Toronto,Dec-19,657395,TravelTech
Toronto,Jan-20,500000,Analytics
Toronto,Jan-20,54200000,BioTech
Toronto,Jan-20,6775000,Data
Toronto,Jan-20,450000,EdTech
Toronto,Jan-20,0,HealthTech
Toronto,Jan-20,0,Platform
Toronto,Jan-20,500000,PropertyTech
Toronto,Feb-20,1800000,AgTech
Toronto,Feb-20,0,CleanTech
Toronto,Feb-20,74525000,EdTech
Toronto,Feb-20,500000,FinTech
Toronto,Feb-20,29810000,HealthTech
Toronto,Feb-20,3000000,InsurTech
Toronto,Feb-20,50000,LegalTech
Toronto,Mar-20,63700000,AI
Toronto,Mar-20,5200000,Analytics
Toronto,Mar-20,156000,eCommerce
Toronto,Mar-20,28455000,FinTech
Toronto,Mar-20,1660891,HealthTech
Toronto,Mar-20,516000,HRTech
Toronto,Mar-20,2700000,InsurTech
Toronto,Mar-20,1100000,iOT
Toronto,Mar-20,3000000,PropertyTech
Toronto,Mar-20,250000,RetailTech
Toronto,Mar-20,120000,SaaS
Toronto,Apr-20,75000,Analytics
Toronto,Apr-20,3400000,Blockchain
Toronto,Apr-20,4065000,CyberSecurity
Toronto,Apr-20,870000,FinTech
Toronto,Apr-20,9485000,HealthTech
Toronto,Apr-20,2000000,LegalTech
Toronto,Apr-20,2125000,Marketplace
Toronto,Apr-20,500000,Platform
Toronto,Apr-20,50000,SaaS
Toronto,Apr-20,1670000,TravelTech
Toronto,May-20,9180106,AdTech
Toronto,May-20,13500000,AgTech
Toronto,May-20,775000,AI
Toronto,May-20,1000000,DevTech
Toronto,May-20,10840000,FinTech
Toronto,May-20,9141652,Hardware
Toronto,May-20,6601110,Marketplace
Toronto,May-20,1750000,PropertyTech
Toronto,May-20,7500000,SaaS
Toronto,Jun-20,3371600,Analytics
Toronto,Jun-20,0,BioTech
Toronto,Jun-20,2750000,CleanTech
Toronto,Jun-20,2800000,eCommerce
Toronto,Jun-20,6500000,FinTech
Toronto,Jun-20,3468052,HealthTech
Toronto,Jun-20,15000000,HRTech
Toronto,Jun-20,1693750,LogisticsTech
Toronto,Jun-20,29800000,Marketplace
Toronto,Jun-20,1500000,MarTech
Toronto,Jun-20,10000000,PropertyTech
Toronto,Jun-20,0,SaaS
Toronto,Jun-20,2100000,TransportationTech
Toronto,Jul-20,7200000,AgTech
Toronto,Jul-20,9400000,AI
Toronto,Jul-20,0,Analytics
Toronto,Jul-20,0,BioTech
Toronto,Jul-20,345000,FinTech
Toronto,Jul-20,1250000,HealthTech
Toronto,Jul-20,3500000,InsurTech
Toronto,Jul-20,800000,LegalTech
Toronto,Jul-20,4000000,Marketplace
Toronto,Jul-20,3975000,RetailTech
Toronto,Jul-20,3000000,SaaS
Toronto,Aug-20,3500000,AI
Toronto,Aug-20,6000000,Analytics
Toronto,Aug-20,156000,DevTech
Toronto,Aug-20,2400000,eCommerce
Toronto,Aug-20,2640000,EdTech
Toronto,Aug-20,118756,FinTech
Toronto,Aug-20,0,GovTech
Toronto,Aug-20,4742500,Hardware
Toronto,Aug-20,11500000,HealthTech
Toronto,Aug-20,2682400,HRTech
Toronto,Aug-20,43800000,Marketplace
Toronto,Aug-20,0,Robotics
Toronto,Aug-20,203250,SaaS
Toronto,Aug-20,156000,VideoTech
Toronto,Sep-20,0,CyberSecurity
Toronto,Sep-20,3700000,DevTech
Toronto,Sep-20,5300000,EdTech
Toronto,Sep-20,509013,HealthTech
Toronto,Sep-20,2710000,Marketplace
Toronto,Sep-20,2500000,PropertyTech
Toronto,Sep-20,0,SaaS
Toronto,Oct-20,0,Analytics
Toronto,Oct-20,5200000,BioTech
Toronto,Oct-20,2000000,eCommerce
Toronto,Oct-20,7113750,HealthTech
Toronto,Oct-20,25000,Marketplace
Toronto,Oct-20,2500000,Platform
Toronto,Nov-20,0,BioTech
Toronto,Nov-20,0,CleanTech
Toronto,Nov-20,14500000,CyberSecurity
Toronto,Nov-20,8265500,eCommerce
Toronto,Nov-20,20000000,FinTech
Toronto,Nov-20,5000000,HealthTech
Toronto,Nov-20,333025,HRTech
Toronto,Nov-20,534672,Marketplace
Toronto,Nov-20,2610000,PropertyTech
Toronto,Nov-20,7992600,RetailTech
Toronto,Nov-20,3261165,SaaS
Toronto,Nov-20,33875000,TransportationTech
Toronto,Dec-20,2421607,3DTech
Toronto,Dec-20,1000000,Analytics
Toronto,Dec-20,5400000,BioTech
Toronto,Dec-20,2170000,FinTech
Toronto,Dec-20,2500000,Hardware
Toronto,Dec-20,5000000,HealthTech
Toronto,Dec-20,1400000,HRTech
Toronto,Dec-20,600000,Platform
Toronto,Dec-20,3350000,Robotics
Toronto,Dec-20,8000000,SaaS
Toronto,Dec-20,8409225,TravelTech
Toronto,Dec-20,1000000,Wearables
Toronto,Jan-21,400000,AI
Toronto,Jan-21,317125,Analytics
Toronto,Jan-21,0,BioTech
Toronto,Jan-21,1124570,Blockchain
Toronto,Jan-21,2300000,CleanTech
Toronto,Jan-21,18200000,Data
Toronto,Jan-21,250000,DevTech
Toronto,Jan-21,11200000,eCommerce
Toronto,Jan-21,0,EdTech
Toronto,Jan-21,0,HealthTech
Toronto,Jan-21,128000,HRTech
Toronto,Jan-21,127510,Marketplace
Toronto,Jan-21,1273500,Pharmaceutical
Toronto,Jan-21,1300000,PropertyTech
Toronto,Jan-21,126770000,SaaS
Toronto,Jan-21,76362,Social
Toronto,Feb-21,0,Aerospace
Toronto,Feb-21,0,AgTech
Toronto,Feb-21,128240,AI
Toronto,Feb-21,107856500,BioTech
Toronto,Feb-21,2000000,Blockchain
Toronto,Feb-21,4000000,CleanTech
Toronto,Feb-21,894390,Cryptocurrency
Toronto,Feb-21,189000,eCommerce
Toronto,Feb-21,164658000,EdTech
Toronto,Feb-21,1278300,FinTech
Toronto,Feb-21,1600000,GreenTech
Toronto,Feb-21,10000000,HealthTech
Toronto,Feb-21,10200000,InsurTech
Toronto,Feb-21,5419290,iOT
Toronto,Feb-21,0,Marketplace
Toronto,Feb-21,5300000,NanoTech
Toronto,Feb-21,153888,SaaS
Toronto,Mar-21,12500000,AI
Toronto,Mar-21,0,BioTech
Toronto,Mar-21,7970534,Blockchain
Toronto,Mar-21,4500000,Cryptocurrency
Toronto,Mar-21,6000000,Cybersecurity
Toronto,Mar-21,107000000,eCommerce
Toronto,Mar-21,6000000,EdTech
Toronto,Mar-21,821378,eSports
Toronto,Mar-21,50644,FinTech
Toronto,Mar-21,20000,HealthTech
Toronto,Mar-21,34198200,HRTech
Toronto,Mar-21,20000000,LogisticsTech
Toronto,Mar-21,2906050,MarTech
Toronto,Mar-21,0,PetTech
Toronto,Mar-21,1245500,Robotics
Toronto,Mar-21,0,SaaS
Toronto,Apr-21,0,AI
Toronto,Apr-21,0,BioTech
Toronto,Apr-21,7500000,Blockchain
Toronto,Apr-21,2000000,CyberSecurity
Toronto,Apr-21,1330000,DevTech
Toronto,Apr-21,22000000,eCommerce
Toronto,Apr-21,0,FinTech
Toronto,Apr-21,750000,HealthTech
Toronto,Apr-21,0,InsurTech
Toronto,Apr-21,147360,Marketplace
Toronto,Apr-21,11200000,MarTech
Toronto,Apr-21,1228000,Media
Toronto,Apr-21,0,Platform
Toronto,Apr-21,335000,PropertyTech
Toronto,Apr-21,300000000,SaaS
Toronto,Apr-21,147360,TransportationTech
Toronto,May-21,100000,agTech
Toronto,May-21,130000000,AI
Toronto,May-21,3684000,BioTech
Toronto,May-21,0,Cryptocurrency
Toronto,May-21,10000000,FinTech
Toronto,May-21,12280000,GovTech
Toronto,May-21,3315600,HealthTech
Toronto,May-21,6300000,InsurTech
Toronto,May-21,20000000,Marketplace
Toronto,May-21,1500000,Platform
Toronto,May-21,75000,PropertyTech
Toronto,May-21,2400000,Quantum
Toronto,May-21,1700000,RetailTech
Toronto,May-21,0,SaaS
Toronto,Jun-21,0,AdTech
Toronto,Jun-21,7368000,AI
Toronto,Jun-21,100000000,AutoTech
Toronto,Jun-21,500000,BioTech
Toronto,Jun-21,3600000,CyberSecurity
Toronto,Jun-21,16000000,FinTech
Toronto,Jun-21,2000000,FoodTech
Toronto,Jun-21,60000000,healthTech
Toronto,Jun-21,737000,iOT
Toronto,Jun-21,0,Marketplace
Toronto,Jun-21,3700000,Platform
Toronto,Jun-21,6000000,PropertyTech
Toronto,Jun-21,750000,SaaS
Toronto,Jun-21,60000000,SpaceTech
Toronto,Jul-21,125000000,AI
Toronto,Jul-21,226000000,BioTech
Toronto,Jul-21,5600000,Blockchain
Toronto,Jul-21,125000000,CyberSecurity
Toronto,Jul-21,2700000,eCommerce
Toronto,Jul-21,268000000,FinTech
Toronto,Jul-21,1000,Games
Toronto,Jul-21,43900000,HealthTech
Toronto,Jul-21,12500000,Marketplace
Toronto,Jul-21,900000,MarTech
Toronto,Jul-21,44000000,PropertyTech
Toronto,Jul-21,621940,SaaS
Toronto,Jul-21,87777,Social
Toronto,Aug-21,2300000,AI
Toronto,Aug-21,63000000,Cybersecurity
Toronto,Aug-21,3760000,DevTech
Toronto,Aug-21,2511382,eCommerce
Toronto,Aug-21,163000000,FinTech
Toronto,Aug-21,10000000,GreenTech
Toronto,Aug-21,1000000,Hardware
Toronto,Aug-21,5600000,HealthTech
Toronto,Aug-21,3130263,iOT
Toronto,Aug-21,11270000,LegalTech
Toronto,Aug-21,18900000,Marketplace
Toronto,Aug-21,1000000,SaaS
Toronto,Aug-21,0,TransportationTech
Toronto,Aug-21,125000,VideoTech
Toronto,Sep-21,50400000,AI
Toronto,Sep-21,120000,BioTech
Toronto,Sep-21,22800000,Blockchain
Toronto,Sep-21,10000000,CyberSecurity
Toronto,Sep-21,125000,DevTech
Toronto,Sep-21,125000,eCommerce
Toronto,Sep-21,25000000,Fintech
Toronto,Sep-21,3930000,HealthTech
Toronto,Sep-21,8000000,InsurTech
Toronto,Sep-21,3000000,Marketplace
Toronto,Sep-21,12600000,SaaS
Toronto,Oct-21,1000000,AI
Toronto,Oct-21,1000000,CleanTech
Toronto,Oct-21,1000000,FinTech
Toronto,Oct-21,6170000,Games
Toronto,Oct-21,2800000,Hardware
Toronto,Oct-21,2000000,HealthTech
Toronto,Oct-21,350000,HeatlhTech
Toronto,Oct-21,1250000,HRTech
Toronto,Oct-21,10000000,InsurTech
Toronto,Oct-21,31000000,LogisticsTech
Toronto,Oct-21,48500000,Platform
Toronto,Oct-21,4000000,PropertyTech
Toronto,Oct-21,18000000,SaaS
Toronto,Oct-21,0,SportsTech
Toronto,Nov-21,4200000,DevTech
Toronto,Nov-21,37000000,FinTech
Toronto,Nov-21,189000000,Hardware
Toronto,Nov-21,1200000,HealthTech
Toronto,Nov-21,100000000,HRTech
Toronto,Nov-21,75000000,LogisticsTech
Toronto,Nov-21,100000000,Marketplace
Toronto,Nov-21,2000000,MarTech
Toronto,Nov-21,25000,Misc
Toronto,Nov-21,3800000,Platform
Toronto,Nov-21,2000000,PropertyTech
Toronto,Nov-21,70000000,SaaS
Toronto,Dec-21,1400000,AgTech
Toronto,Dec-21,0,BioTech
Toronto,Dec-21,21000000,CleanTech
Toronto,Dec-21,2750000,Data
Toronto,Dec-21,4000000,DevTech
Toronto,Dec-21,7000000,FinTech
Toronto,Dec-21,10000000,HealthTech
Toronto,Dec-21,1900000,HRTech
Toronto,Dec-21,750000,LegalTech
Toronto,Dec-21,3000000,Marketplace
Toronto,Dec-21,1400000,MarTech
Toronto,Dec-21,872783,Metaverse
Toronto,Dec-21,2000000,Platform
Toronto,Dec-21,250000,PropertyTech
Toronto,Dec-21,3000000,SaaS
Toronto,Dec-21,6500000,VideoTech
Toronto,Jan-22,1405260,Blockchain
Toronto,Jan-22,3043716,Cryptocurrency
Toronto,Jan-22,744000000,CyberSecurity
Toronto,Jan-22,0,FinTech
Toronto,Jan-22,315000000,GreenTech
Toronto,Jan-22,7600000,HealthTech
Toronto,Jan-22,8130000,HRTech
Toronto,Jan-22,785000,Marketplace
Toronto,Jan-22,1850000,MarTech
Toronto,Jan-22,6200000,SaaS
Toronto,Feb-22,159000000,AI
Toronto,Feb-22,7500000,Blockchain
Toronto,Feb-22,25000000,Cryptocurrency
Toronto,Feb-22,14009820,CyberSecurity
Toronto,Feb-22,6340350,DevTech
Toronto,Feb-22,160000000,FinTech
Toronto,Feb-22,23600000,HealthTech
Toronto,Feb-22,1000000,LegalTech
Toronto,Feb-22,7612890,PropertyTech
Toronto,Feb-22,0,RetailTech
Toronto,Feb-22,17500000,SaaS
Toronto,Feb-22,507000,SalesTech
Toronto,Feb-22,300000,Social
Toronto,Mar-22,6200000,AI
Toronto,Mar-22,19035825,DevTech
Toronto,Mar-22,15600000,eCommerce
Toronto,Mar-22,15000000,EdTech
Toronto,Mar-22,4100000,HealthTech
Toronto,Mar-22,5700000,HRTech
Toronto,Mar-22,5000000,LegalTech
Toronto,Mar-22,2600000,Marketplace
Toronto,Mar-22,636000,Platform
Toronto,Mar-22,11000000,PropertyTech
Toronto,Mar-22,14500000,RetailTech
Toronto,Mar-22,3800000,SaaS
Toronto,Mar-22,636000,VideoTech
Toronto,Apr-22,31000000,CleanTech
Toronto,Apr-22,1919467,Cryptocurrency
Toronto,Apr-22,2200000,Data
Toronto,Apr-22,3800000,DeFi
Toronto,Apr-22,4407025,FinTech
Toronto,Apr-22,10000000,GovTech
Toronto,Apr-22,4700000,HealthTech
Toronto,Apr-22,10000000,Marketplace
Toronto,Apr-22,1200000,PropertyTech
Toronto,Apr-22,2500000,SaaS
Toronto,May-22,57800000,AI
Toronto,May-22,128000000,CyberSecurity
Toronto,May-22,3800000,DevTech
Toronto,May-22,6390000,FinTech
Toronto,May-22,2500000,HealthTech
Toronto,May-22,25000000,HRTech
Toronto,May-22,19300000,iOT
Toronto,May-22,2300000,LegalTech
Toronto,May-22,4496117,Marketplace
Toronto,May-22,0,PropertyTech
Toronto,May-22,13400000,SaaS
Toronto,May-22,2700000,SportsTech
Toronto,Jun-22,3200000,AI
Toronto,Jun-22,5300000,ConstructionTech
Toronto,Jun-22,10000000,Cryptocurrency
Toronto,Jun-22,3000000,DevTech
Toronto,Jun-22,3900000,EdTech
Toronto,Jun-22,1100000,FinTech
Toronto,Jun-22,600000,Marketplace
Toronto,Jun-22,500000,Misc
Toronto,Jun-22,7600000,Platform
Toronto,Jun-22,21000000,PropertyTech
Toronto,Jun-22,14200000,SalesTech
Toronto,Jul-22,12800000,Games
Toronto,Jul-22,23500000,HealthTech
Toronto,Jul-22,20000000,LogisticsTech
Toronto,Aug-22,500000,3D Printing
Toronto,Aug-22,4200000,Analytics
Toronto,Aug-22,12100000,Consumer
Toronto,Aug-22,66000000,CRM
Toronto,Aug-22,6500000,CyberSecurity
Toronto,Aug-22,0,FinTech
Toronto,Aug-22,3200000,InsurTech
Toronto,Aug-22,11000000,Platform
Toronto,Aug-22,36000000,PropertyTech
Toronto,Aug-22,3300000,SaaS
Toronto,Aug-22,2500000,TransportationTech
Toronto,Aug-22,3140000,WellnessTech
Toronto,Sep-22,2170000,BioTech
Toronto,Sep-22,6000000,FinTech
Toronto,Sep-22,13000000,InsurTech
Toronto,Sep-22,3500000,PropertyTech
Toronto,Sep-22,0,TransportationTech
Toronto,Oct-22,54000000,Blockchain
Toronto,Oct-22,8000000,CleanTech
Toronto,Oct-22,92000000,FinTech
Toronto,Oct-22,55000000,Hardware
Toronto,Oct-22,4000000,MedTech
Toronto,Oct-22,75000000,Misc
Toronto,Oct-22,8000000,PropertyTech
Toronto,Oct-22,88000000,SaaS
Toronto,Nov-22,132575000,AI
Toronto,Nov-22,2400000,BioTech
Toronto,Nov-22,3000000,Hardware
Toronto,Nov-22,150000000,SaaS
Toronto,Dec-22,2000000,B2B
Toronto,Dec-22,13900000,DevTech
Toronto,Dec-22,14329665,eCommerce
Toronto,Dec-22,19798010,FinTech
Toronto,Dec-22,4000000,HealthTech
Toronto,Dec-22,4000000,InsurTech
Toronto,Dec-22,75000000,LogisticsTech
Toronto,Dec-22,38400000,SaaS
Toronto,Jan-23,30000000,HealthTech
Toronto,Jan-23,13700000,Marketplace
Toronto,Feb-23,10800000,Marketplace
Toronto,Feb-23,0,Robotics
Toronto,Feb-23,3600000,SaaS
Toronto,Mar-23,1300000,AI
Toronto,Mar-23,0,BioTech
Toronto,Mar-23,2000000,CleanTech
Toronto,Mar-23,2100000,PropertyTech
Toronto,Mar-23,22321447,R&D
Toronto,Mar-23,4000000,SaaS
Toronto,Apr-23,5822479,AgTech
Toronto,Apr-23,3800000,Analytics
Toronto,Apr-23,11400000,Environmental
Toronto,Apr-23,18000000,HealthTech
Toronto,Apr-23,19997775,iOT
Toronto,Apr-23,8220000,Quantum
Toronto,Apr-23,40000000,SaaS
Toronto,Apr-23,124328800,SpaceTech
Toronto,May-23,47000000,CleanTech
Toronto,May-23,2000000,eCommerce
Toronto,May-23,7000000,FinTech
Toronto,May-23,15000000,HealthTech
Toronto,May-23,0,InsurTech
Toronto,May-23,10900000,LegalTech
Toronto,May-23,34000000,SaaS
Toronto,Jun-23,11200000,AgTech
Toronto,Jun-23,360301500,AI
Toronto,Jun-23,1300000,Analytics
Toronto,Jun-23,40000000,Career Planning
Toronto,Jun-23,15485442,ConstructionTech
Toronto,Jun-23,1300000,FinTech
Toronto,Jun-23,8000000,HealthTech
Toronto,Jun-23,1250000,LegalTech
Toronto,Jun-23,50200000,LogisticsTech
Toronto,Jun-23,12400000,Marketplace
Toronto,Jun-23,7900000,MedTech
Toronto,Jun-23,7000000,SaaS
Toronto,Jul-23,2350000,3DTech
Toronto,Jul-23,8000000,AI
Toronto,Jul-23,0,BatteryTech
Toronto,Jul-23,1800000,BioTech
Toronto,Jul-23,9500000,DevTech
Toronto,Jul-23,12000000,InsurTech
Toronto,Jul-23,2900000,NoCode
Toronto,Aug-23,15000000,AI
Toronto,Aug-23,10000000,Analytics
Toronto,Aug-23,5000000,eCommerce
Toronto,Aug-23,2500000,Payments
Toronto,Aug-23,133300000,Platform
Toronto,Sep-23,2500000,BioTech
Toronto,Sep-23,19000000,Data
Toronto,Sep-23,7464875,EdTech
Toronto,Sep-23,1700000,FinTech
Toronto,Sep-23,20000000,HealthTech
Toronto,Sep-23,1400000,TravelTech
Toronto,Oct-23,10500000,AI
Toronto,Oct-23,20509725,Artificial Intelligences
Toronto,Oct-23,100000000,Billing
Toronto,Oct-23,0,BioTech
Toronto,Oct-23,44600000,CleanTech
Toronto,Oct-23,2000000,Data
Toronto,Oct-23,82245900,FinTech
Toronto,Oct-23,27000000,Machine Learning
Toronto,Oct-23,0,Platform
Toronto,Nov-23,4100000,AI
Toronto,Nov-23,0,Civil Engineering
Toronto,Nov-23,10000000,ConstructionTech
Toronto,Nov-23,9500000,Pharmaceuticals
Toronto,Dec-23,2037592,AI
Toronto,Dec-23,4200000,API
Toronto,Dec-23,86000000,FinTech
Toronto,Dec-23,55000000,Telecommunications
Toronto,Jan-24,0,Civil Engineering
Toronto,Jan-24,6000000,Games
Toronto,Jan-24,10766440,HealthTech
Toronto,Jan-24,20000000,LegalTech
Toronto,Jan-24,4180000,Machine Learning
Toronto,Jan-24,26000000,PropertyTech
Toronto,Jan-24,2000000,Robotics
Toronto,Feb-24,80000000,AI
Toronto,Feb-24,50000000,FinTech
Toronto,Feb-24,10800000,Games
Toronto,Feb-24,2800000,LegalTech
Toronto,Feb-24,6069487,Platform
Toronto,Mar-24,67308250,Artificial Intelligences
Toronto,Mar-24,2200000,BioTech
Toronto,Mar-24,27000000,FinTech
Toronto,Mar-24,45000000,HealthTech
Toronto,Mar-24,1828879,MedTech
Toronto,Mar-24,7000000,Platform
Toronto,Mar-24,5418200,PropertyTech
Toronto,Apr-24,37343288,CleanTech
Toronto,Apr-24,1100000,FinTech
Toronto,Apr-24,8350000,HealthTech
Toronto,Apr-24,1000000,LegalTech
Toronto,Apr-24,1250000,Marketplace
Toronto,Apr-24,0,SaaS
Toronto,May-24,0,AgTech
Toronto,May-24,5250000,Application Software
Toronto,May-24,6800000,CleanTech
Toronto,May-24,0,FinTech
Toronto,May-24,2500000,Games
Toronto,Jun-24,620525250,AI
Toronto,Jun-24,274049000,AutoTech
Toronto,Jun-24,2200000,BioTech
Toronto,Jun-24,42000000,CleanTech
Toronto,Jun-24,4100000,FinTech
Toronto,Jun-24,15121755,LegalTech
Toronto,Jun-24,26122150,PropertyTech
Toronto,Jul-24,687000000,AI
Toronto,Jul-24,10700000,financial services
Toronto,Jul-24,2600000,Hardware
Toronto,Jul-24,13800000,HealthTech
Toronto,Jul-24,2300000,information technology 
Toronto,Jul-24,10000000,Marketplace
Toronto,Jul-24,10000000,SaaS
Toronto,Aug-24,3900000,AI
Toronto,Aug-24,10000000,FinTech
Toronto,Aug-24,8000000,FoodTech
Toronto,Aug-24,11700000,Medical Equipment Manufacturin
Toronto,Aug-24,26000000,"Technology, Information and In"
Toronto,Sep-24,12200000,AI
Toronto,Sep-24,6400000,FinTech
Toronto,Sep-24,28000000,Industrial Machinery Manufactu
Toronto,Sep-24,24450000,Marketplace
Toronto,Sep-24,0,Misc
Toronto,Sep-24,2000000,Retail
Toronto,Sep-24,30000000,Software Development
Toronto,Sep-24,1150000,"Technology, Information and Me"
Toronto,Oct-24,3000000,AI
Toronto,Oct-24,1000000,Biotechnology Research
Toronto,Oct-24,190000000,FinTech
Toronto,Oct-24,33800000,SaaS
Toronto,Oct-24,1100000,Software Development
Toronto,Oct-24,2100000,"Technology, Information and Me"
Toronto,Oct-24,1500000,Womens Health
Toronto,Nov-24,30800000,Analytics
Toronto,Nov-24,32000000,FinTech
Toronto,Nov-24,2300000,Software Development
Toronto,Nov-24,15000000,"Technology, Information and In"
Toronto,Dec-24,0,AdTech
Toronto,Dec-24,7500000,Application Software
Toronto,Dec-24,1500000,FinTech
Toronto,Dec-24,1260000,Hospitals and Health Care
Toronto,Dec-24,0,LegalTech
Toronto,Dec-24,5300000,Medical Equipment Manufacturin
Toronto,Dec-24,693000000,Platform
Toronto,Dec-24,5500000,"Technology, Information and In"
Toronto,Dec-24,0,Telecommunications
Toronto,Jan-25,16000000,Biotechnology
Toronto,Jan-25,1000000,Desktop Computing Software Pro
Toronto,Jan-25,1500000,DevTech
Toronto,Jan-25,70000000,FinTech
Toronto,Jan-25,7000000,Hospitals and Health Care
Toronto,Jan-25,27500000,Medical Equipment Manufacturin
Toronto,Jan-25,1450000,Retail Recyclable Materials & 
Toronto,Jan-25,3000000,Software Development
Toronto,Feb-25,235000000,AdTech
Waterloo,Jan-24,5000000,CyberSecurity
Waterloo Region,Jan-19,50000,AI
Waterloo Region,Jan-19,420000,eCommerce
Waterloo Region,Jan-19,125000,NanoTech
Waterloo Region,Jan-19,0,Quantum
Waterloo Region,Feb-19,30000,BioTech
Waterloo Region,Feb-19,30000,EdTech
Waterloo Region,Feb-19,30000,FinTech
Waterloo Region,Feb-19,14000000,Marketplace
Waterloo Region,Feb-19,30000,NanoTech
Waterloo Region,Mar-19,0,Analytics
Waterloo Region,Mar-19,62364300,CyberSecurity
Waterloo Region,Mar-19,35000000,Hardware
Waterloo Region,Mar-19,31314840,Robotics
Waterloo Region,Mar-19,6200000,SaaS
Waterloo Region,Mar-19,50000,TravelTech
Waterloo Region,Mar-19,25000,Wearables
Waterloo Region,Apr-19,1200000,EdTech
Waterloo Region,May-19,7710000,BioTech
Waterloo Region,May-19,250000,ioT
Waterloo Region,May-19,1500000,Robotics
Waterloo Region,May-19,750000,SaaS
Waterloo Region,May-19,53076000,Wearables
Waterloo Region,Jun-19,0,Aerospace
Waterloo Region,Jun-19,30000,eCommerce
Waterloo Region,Jun-19,39807,FinTech
Waterloo Region,Jun-19,50000,FitnessTech
Waterloo Region,Jun-19,200000,Hardware
Waterloo Region,Jul-19,5000,CleanTech
Waterloo Region,Jul-19,20000,EdTech
Waterloo Region,Jul-19,5000,LogisticsTech
Waterloo Region,Aug-19,0,AdTech
Waterloo Region,Aug-19,3500000,AI
Waterloo Region,Aug-19,1700000,CleanTech
Waterloo Region,Aug-19,1592280,EdTech
Waterloo Region,Aug-19,150000,HealthTech
Waterloo Region,Aug-19,199035,NanoTech
Waterloo Region,Aug-19,3500000,Networks
Waterloo Region,Sep-19,50000,CleanTech
Waterloo Region,Sep-19,46000,EdTech
Waterloo Region,Sep-19,0,FoodTech
Waterloo Region,Sep-19,50000,Hardware
Waterloo Region,Sep-19,5572980,HRTech
Waterloo Region,Sep-19,50000,LogisticsTech
Waterloo Region,Oct-19,1500000,Hardware
Waterloo Region,Oct-19,1000000,HealthTech
Waterloo Region,Oct-19,197475000,Marketplace
Waterloo Region,Nov-19,174421,AI
Waterloo Region,Nov-19,5971050,BioTech
Waterloo Region,Dec-19,5200000,CyberSecurity
Waterloo Region,Dec-19,10000000,Data
Waterloo Region,Dec-19,15000000,SaaS
Waterloo Region,Dec-19,5307600,TransportationTech
Waterloo Region,Jan-20,30000,AgTech
Waterloo Region,Jan-20,120000000,Analytics
Waterloo Region,Jan-20,10000000,BioTech
Waterloo Region,Jan-20,30000,EdTech
Waterloo Region,Jan-20,30000,FinTech
Waterloo Region,Jan-20,40650,MarTech
Waterloo Region,Jan-20,30000,SaaS
Waterloo Region,Feb-20,100000,HealthTech
Waterloo Region,Feb-20,1355000,NanoTech
Waterloo Region,Apr-20,30000,CyberSecurity
Waterloo Region,Apr-20,30000,Data
Waterloo Region,Apr-20,7900000,Games
Waterloo Region,May-20,0,ioT
Waterloo Region,May-20,39295000,Robotics
Waterloo Region,May-20,100000000,SaaS
Waterloo Region,Jun-20,6000000,BioTech
Waterloo Region,Jun-20,50000,DevTech
Waterloo Region,Jun-20,500000,RetailTech
Waterloo Region,Jul-20,6775000,BioTech
Waterloo Region,Jul-20,5102523,HealthTech
Waterloo Region,Jul-20,11516479,RetailTech
Waterloo Region,Jul-20,9503200,SaaS
Waterloo Region,Aug-20,4500000,AI
Waterloo Region,Aug-20,156000,HealthTech
Waterloo Region,Aug-20,169375,LogisticsTech
Waterloo Region,Sep-20,10497317,AgTech
Waterloo Region,Sep-20,6775000,AI
Waterloo Region,Sep-20,350000,eSports
Waterloo Region,Sep-20,5611279,InsurTech
Waterloo Region,Sep-20,6600000,Robotics
Waterloo Region,Sep-20,70000000,SaaS
Waterloo Region,Oct-20,814560,AI
Waterloo Region,Oct-20,0,Blockchain
Waterloo Region,Oct-20,27100000,EdTech
Waterloo Region,Oct-20,222000000,Marketplace
Waterloo Region,Dec-20,6775000,AI
Waterloo Region,Dec-20,225000,Analytics
Waterloo Region,Dec-20,11000000,HealthTech
Waterloo Region,Dec-20,3000000,SaaS
Waterloo Region,Jan-21,0,CleanTech
Waterloo Region,Jan-21,0,FinTech
Waterloo Region,Jan-21,500000,HealthTech
Waterloo Region,Jan-21,1000000,HRTech
Waterloo Region,Feb-21,2500000,AI
Waterloo Region,Feb-21,1300000,CyberSecurity
Waterloo Region,Feb-21,50000,HCI
Waterloo Region,Feb-21,6333000,Robotics
Waterloo Region,Feb-21,737275,SaaS
Waterloo Region,Mar-21,2300000,LogisticsTech
Waterloo Region,Apr-21,3320000,HealthTech
Waterloo Region,May-21,2000000,BioTech
Waterloo Region,Jun-21,0,AgTech
Waterloo Region,Jun-21,1600000,AI
Waterloo Region,Jun-21,21000000,Data
Waterloo Region,Jun-21,375000000,EdTech
Waterloo Region,Jun-21,314418000,Marketplace
Waterloo Region,Jun-21,34384000,RetailTech
Waterloo Region,Jun-21,137402,SaaS
Waterloo Region,Jul-21,0,agTech
Waterloo Region,Jul-21,31348971,Blockchain
Waterloo Region,Aug-21,125000,SaaS
Waterloo Region,Sep-21,778000,AI
Waterloo Region,Sep-21,0,HRTech
Waterloo Region,Oct-21,24000000,SaaS
Waterloo Region,Nov-21,0,Blockchain
Waterloo Region,Nov-21,12750000,FinTech
Waterloo Region,Nov-21,500000000,Marketplace
Waterloo Region,Nov-21,14800000,Misc
Waterloo Region,Dec-21,20000000,BioTech
Waterloo Region,Dec-21,1000000,Marketplace
Waterloo Region,Jan-22,1100000,HealthTech
Waterloo Region,Feb-22,44440375,Blockchain
Waterloo Region,Feb-22,4580946,HRTech
Waterloo Region,Feb-22,20000000,LogisticsTech
Waterloo Region,Feb-22,31000000,Marketplace
Waterloo Region,Feb-22,25000000,Networks
Waterloo Region,Mar-22,1700000,AgTech
Waterloo Region,Mar-22,636000,CyberSecurity
Waterloo Region,Mar-22,636000,DevTech
Waterloo Region,Mar-22,636000,InsurTech
Waterloo Region,Apr-22,14400000,DisplayTech
Waterloo Region,Apr-22,0,Misc
Waterloo Region,May-22,537684160,Marketplace
Waterloo Region,Jun-22,7000000,CyberSecurity
Waterloo Region,Jul-22,5600000,DevTech
Waterloo Region,Sep-22,10000000,InsurTech
Waterloo Region,Sep-22,96067300,Robotics
Waterloo Region,Oct-22,1400000,DevTech
Waterloo Region,Oct-22,2100000,InsurTech
Waterloo Region,Oct-22,4000000,SaaS
Waterloo Region,Nov-22,2400000,AgTech
Waterloo Region,Nov-22,10400000,AI
Waterloo Region,Dec-22,8100000,AI
Waterloo Region,Feb-23,8000000,HRTech
Waterloo Region,Feb-23,8600000,SaaS
Waterloo Region,Mar-23,0,iOT
Waterloo Region,Mar-23,16250000,SaaS
Waterloo Region,Apr-23,260000000,AI
Waterloo Region,Jul-23,9268420,SaaS
Waterloo Region,Sep-23,250000,Analytics
Waterloo Region,Oct-23,36000000,Analytics
Waterloo Region,Oct-23,15000000,HealthTech
Waterloo Region,Nov-23,5000000,CyberSecurity
Waterloo Region,Dec-23,5000000,CleanTech
Waterloo Region,Feb-24,6500000,FinTech
Waterloo Region,Feb-24,2000000,NanoTech
Waterloo Region,May-24,8900000,NanoTech
Waterloo Region,Jun-24,3500000,AgTech
Waterloo Region,Jun-24,2748860,AI
Waterloo Region,Jul-24,2700000,AgTech
Waterloo Region,Sep-24,8200000,Desktop Computing Software Pro
Waterloo Region,Sep-24,2000000,HealthTech
Waterloo Region,Sep-24,100000000,SaaS
Waterloo Region,Nov-24,3000000,Automation Machinery Manufactu
Waterloo Region,Nov-24,1600000,Software Development
Waterloo Region,Jan-25,58400000,DisplayTech