﻿month,total_amount,investorCountry
Mar-19,15000000,Australia
Jul-19,45804150,Australia
Nov-19,1325070000,Australia
Jan-21,19084125,Australia
May-21,18420000,Australia
Jul-21,625000000,Australia
Sep-21,78500000,Australia
Jan-22,3720000000,Australia
Aug-22,12500000,Australia
Sep-23,46531875,Australia
Mar-24,20315775,Australia
Jul-19,525000,Bahamas
Nov-19,53000000,Bahamas
May-21,1700000,Bahamas
Feb-22,6340350,Bahamas
Mar-19,2000000,Barbados
Aug-21,63000000,Barbados
Apr-19,2270000,Belgium
Dec-19,86248500,Belgium
Jul-20,0,Belgium
Dec-20,7500000,Belgium
May-21,15000000,Belgium
Nov-21,166000000,Belgium
Aug-23,33500000,Belgium
Jan-19,17000000,Brazil
Sep-19,14595900,Brazil
Jun-20,38000000,Brazil
Aug-20,16000000,Brazil
Mar-21,385245500,Brazil
Apr-21,0,Brazil
Sep-21,319100000,Brazil
Apr-22,15000000,Brazil
May-22,123700000,Brazil
Jan-19,662997744,Canada
Feb-19,386205519,Canada
Mar-19,670051390,Canada
Apr-19,720928542,Canada
May-19,759488982,Canada
Jun-19,1239860703,Canada
Jul-19,1634561212,Canada
Aug-19,276681103,Canada
Sep-19,1864319434,Canada
Oct-19,111510087,Canada
Nov-19,1856333356,Canada
Dec-19,922417679,Canada
Jan-20,2786511697,Canada
Feb-20,750003250,Canada
Mar-20,515812100,Canada
Apr-20,531065000,Canada
May-20,1726641386,Canada
Jun-20,898949708,Canada
Jul-20,407201490,Canada
Aug-20,446342055,Canada
Sep-20,1550379866,Canada
Oct-20,125132238,Canada
Nov-20,306135140,Canada
Dec-20,652700789,Canada
Jan-21,652791135,Canada
Feb-21,3629891514,Canada
Mar-21,3095988939,Canada
Apr-21,1255696837,Canada
May-21,3686583583,Canada
Jun-21,9107882800,Canada
Jul-21,3810251894,Canada
Aug-21,1167190251,Canada
Sep-21,2057260000,Canada
Oct-21,1296915000,Canada
Nov-21,3313842658,Canada
Dec-21,1330160000,Canada
Jan-22,6300428000,Canada
Feb-22,8989079330,Canada
Mar-22,1925458000,Canada
Apr-22,607682025,Canada
May-22,2112124586,Canada
Jun-22,921440000,Canada
Jul-22,464510090,Canada
Aug-22,509920000,Canada
Sep-22,758343854,Canada
Oct-22,927640000,Canada
Nov-22,2845697215,Canada
Dec-22,3156621705,Canada
Jan-23,505693550,Canada
Feb-23,322361500,Canada
Mar-23,967566480,Canada
Apr-23,2329600103,Canada
May-23,1861000000,Canada
Jun-23,1647649917,Canada
Jul-23,1353694120,Canada
Aug-23,932900000,Canada
Sep-23,934637875,Canada
Oct-23,1571292701,Canada
Nov-23,720500000,Canada
Dec-23,585208580,Canada
Jan-24,530265760,Canada
Feb-24,749576283,Canada
Mar-24,623108200,Canada
Apr-24,989788840,Canada
May-24,266665400,Canada
Jun-24,4936062080,Canada
Jul-24,3567964000,Canada
Aug-24,1040800000,Canada
Sep-24,1310700000,Canada
Oct-24,1895300003,Canada
Nov-24,2119700000,Canada
Dec-24,2821600038,Canada
Jan-25,2451480000,Canada
Feb-25,5500000,Canada
Feb-19,3158880,Cayman Islands
Sep-19,14595900,Cayman Islands
Aug-20,16000000,Cayman Islands
Feb-21,5804490,Cayman Islands
Mar-21,385245500,Cayman Islands
May-21,0,Cayman Islands
Jun-21,500000,Cayman Islands
Jul-21,2500000,Cayman Islands
Sep-21,323030000,Cayman Islands
May-22,4496117,Cayman Islands
Jan-19,10407050,China
Feb-19,1157398,China
Oct-19,21600000,China
Dec-19,451143600,China
Jan-20,500000,China
Mar-20,25000000,China
May-20,1750000,China
Jan-21,9848740,China
Feb-21,34734900,China
Mar-21,15941068,China
Apr-21,2000000,China
May-21,18420000,China
Jun-21,0,China
Sep-21,153590000,China
Jan-22,2500000,China
Feb-22,11000000,China
Apr-22,135000000,China
Jun-22,13100000,China
Jul-22,3910755,China
Mar-23,0,China
Apr-23,120000000,China
Aug-24,10000000,China
Oct-19,25000000,Cyprus
Feb-21,20000000,Cyprus
Dec-21,6300000,Denmark
Jul-23,105934800,Denmark
Mar-21,0,Dubai
Dec-21,2750000,Egypt
Dec-22,2000000,Egypt
Mar-23,4000000,Egypt
Sep-23,19000000,Egypt
May-19,9699948,France
Jul-19,0,France
Aug-19,1500000,France
Oct-19,0,France
Dec-19,750000,France
Jan-20,2660000,France
Mar-20,7000000,France
Apr-20,0,France
May-20,0,France
Jun-20,3900000,France
Dec-20,15141000,France
Jan-21,128000,France
Apr-21,3800000,France
May-21,35000000,France
Jun-21,120000,France
Jul-21,85099000,France
Aug-21,25042100,France
Nov-21,7700000,France
Dec-21,1900000,France
Mar-22,5100000,France
May-22,17960740,France
Jun-22,25000000,France
Sep-22,4200000,France
Oct-22,8000000,France
Jan-23,30000000,France
Apr-23,11000000,France
Jun-23,20000000,France
Jul-23,105934800,France
Sep-23,10000000,France
Oct-23,15500000,France
Jun-24,18000000,France
Dec-24,5000000,France
Jan-25,70000000,France
Mar-19,15000000,Germany
May-19,100000000,Germany
Jun-19,53650000,Germany
Jul-19,9253800,Germany
Sep-19,29095900,Germany
Dec-19,13200000,Germany
Apr-20,4250000,Germany
Jun-20,12800000,Germany
Jul-20,21600000,Germany
Aug-20,16000000,Germany
Sep-20,326358,Germany
Dec-20,8000000,Germany
Feb-21,607199000,Germany
Mar-21,411245500,Germany
Apr-21,11200000,Germany
May-21,181456000,Germany
Jun-21,70736000,Germany
Aug-21,11200000,Germany
Sep-21,327100000,Germany
Oct-21,58000000,Germany
Nov-21,353200000,Germany
Dec-21,216300000,Germany
Feb-22,54804700,Germany
Mar-22,15000000,Germany
May-22,4100000,Germany
Jun-22,24000000,Germany
Dec-22,75000000,Germany
Apr-23,40000000,Germany
Jul-23,9500000,Germany
Aug-23,33000000,Germany
Feb-24,100000000,Germany
Jul-24,20000000,Germany
Sep-24,24400000,Germany
Oct-24,26900000,Germany
Jan-25,140000000,Germany
Jan-19,0,Hong Kong
Feb-19,1729200,Hong Kong
Jun-19,1000000,Hong Kong
Aug-19,9200000,Hong Kong
Sep-19,316092,Hong Kong
Dec-19,5692254,Hong Kong
May-20,6878676,Hong Kong
Jun-20,2750000,Hong Kong
Sep-20,200000,Hong Kong
Oct-20,1800000,Hong Kong
Jan-21,6049140,Hong Kong
Mar-21,15941068,Hong Kong
Jul-21,80397942,Hong Kong
Aug-21,5000000,Hong Kong
Sep-21,45600000,Hong Kong
Nov-21,0,Hong Kong
Jan-22,7500000,Hong Kong
Feb-22,103264485,Hong Kong
May-22,4496117,Hong Kong
Jun-22,39300000,Hong Kong
Jul-22,34345740,Hong Kong
Apr-23,10000000,Hong Kong
Oct-23,20509725,Hong Kong
Apr-19,2270000,India
May-19,6000000,India
Dec-19,86248500,India
Feb-20,29877750,India
Jul-20,0,India
Feb-21,2500000,India
Mar-21,113679000,India
Nov-21,166000000,India
Aug-23,33500000,India
Jun-24,2748860,India
Jan-19,22946692,Ireland
Apr-19,140127750,Ireland
Jan-20,26000000,Ireland
Nov-20,10840000,Ireland
Feb-21,1278300,Ireland
Oct-21,49300000,Ireland
Aug-20,175200000,Israel
Dec-20,5000000,Israel
Apr-23,11400000,Israel
May-21,18420000,Italy
Jul-19,24865110,Japan
Aug-19,1500000,Japan
Dec-19,2000000,Japan
Jun-20,2500000,Japan
Feb-21,2500000,Japan
Mar-21,82329000,Japan
Jun-21,120000,Japan
Mar-22,5100000,Japan
May-22,8980370,Japan
Feb-23,10000000,Japan
Jul-23,8000000,Japan
Jun-24,2748860,Japan
Jan-25,35000000,Japan
Jul-19,73263,Latvia
Jul-19,10446120,Lebanon
Mar-21,0,Lebanon
Dec-19,2629580,Lithuania
Apr-20,6680000,Lithuania
Apr-19,2270000,Malaysia
Dec-19,86248500,Malaysia
Jul-20,0,Malaysia
Nov-21,166000000,Malaysia
Aug-23,33500000,Malaysia
Mar-21,2512400,Malta
Jun-24,6838325,Malta
Jun-21,11100000,Mexico
Mar-24,21000000,Mexico
Jun-21,6000000,Morocco
Aug-21,1200000,Nigeria
Dec-21,5500000,Nigeria
Aug-20,203250,North America
May-21,1228000,North America
Jul-21,2500000,North America
Aug-21,125000,North America
Oct-21,10600000,North America
Aug-19,15922800,Norway
Nov-21,13400000,Norway
Sep-19,10000000,Portugal
Aug-20,3500000,Portugal
Jun-21,500000,Puerto Rico
Mar-21,2512400,Romania
Jun-24,6838325,Romania
Aug-19,1190565,Russian Federation
Mar-20,156000,Russian Federation
Jul-21,2700000,Russian Federation
May-23,2000000,Russian Federation
Feb-19,6634500,Singapore
Apr-19,11350000,Singapore
Jun-19,13269000,Singapore
Sep-19,74191800,Singapore
Dec-19,431242500,Singapore
Jun-20,6900000,Singapore
Jul-20,0,Singapore
Aug-20,32000000,Singapore
Sep-20,15000000,Singapore
Jan-21,4574642,Singapore
Feb-21,152100000,Singapore
Mar-21,931977936,Singapore
May-21,58760000,Singapore
Jul-21,56436748,Singapore
Aug-21,5000000,Singapore
Sep-21,729400000,Singapore
Nov-21,830000000,Singapore
Feb-22,67324110,Singapore
May-22,4496117,Singapore
Sep-22,1100000,Singapore
Dec-22,318000000,Singapore
Jun-23,240000000,Singapore
Aug-23,167500000,Singapore
Oct-23,270000000,Singapore
Dec-23,1850000,Singapore
Jun-24,13676650,Singapore
Aug-24,137000000,Singapore
Jan-19,4641105,South Korea
Sep-19,214595900,South Korea
May-20,10840000,South Korea
Aug-20,16000000,South Korea
Feb-21,6800000,South Korea
Mar-21,387757900,South Korea
May-21,72200000,South Korea
Sep-21,319100000,South Korea
Dec-21,140000000,South Korea
Jan-22,62400000,South Korea
Dec-23,26700000,South Korea
Jun-24,6838325,South Korea
Aug-24,10000000,South Korea
Nov-24,20900000,South Korea
Jan-19,3250000,Spain
Oct-19,7200000,Spain
Jan-21,0,Spain
Feb-21,10300000,Spain
Oct-22,13750000,Spain
Apr-19,140127750,Sweden
Jan-20,26000000,Sweden
Jun-19,541740,Switzerland
Jul-19,0,Switzerland
Sep-19,14595900,Switzerland
Jan-20,120000000,Switzerland
Feb-20,2000000,Switzerland
Apr-20,6800000,Switzerland
Aug-20,16000000,Switzerland
Sep-20,10000000,Switzerland
Dec-20,0,Switzerland
Mar-21,392245500,Switzerland
Jul-21,27549500,Switzerland
Sep-21,319100000,Switzerland
Jan-22,33500000,Switzerland
May-22,4496117,Switzerland
Mar-23,0,Switzerland
Apr-23,260000000,Switzerland
Oct-23,36000000,Switzerland
Jan-21,1124570,Taiwan
Mar-21,7970534,Taiwan
Apr-21,0,Taiwan
Aug-21,5000000,Taiwan
Sep-21,22800000,Taiwan
Oct-21,10000000,Taiwan
Apr-19,2270000,The Netherlands
Nov-19,265014000,The Netherlands
Dec-19,99448500,The Netherlands
Feb-20,0,The Netherlands
Jul-20,0,The Netherlands
Feb-21,737275,The Netherlands
Mar-21,20000000,The Netherlands
Apr-21,3991000,The Netherlands
May-21,18420000,The Netherlands
Jul-21,125000000,The Netherlands
Nov-21,241000000,The Netherlands
Jan-22,781400000,The Netherlands
Aug-22,13000000,The Netherlands
Dec-22,75000000,The Netherlands
Aug-23,43500000,The Netherlands
Dec-23,53400000,The Netherlands
Jul-24,4000000,The Netherlands
Aug-21,25042100,Trinidad and Tobago
Mar-21,0,Turkey
Jun-21,750000,Turkey
Aug-21,11200000,Turkey
Sep-21,638820,Turkey
Feb-22,47200000,Turkey
Sep-19,14595900,Ukraine
Aug-20,16000000,Ukraine
Mar-21,385245500,Ukraine
Sep-21,319100000,Ukraine
Feb-19,40396247,United Kingdom
Apr-19,2270000,United Kingdom
May-19,42000000,United Kingdom
Jun-19,33238000,United Kingdom
Jul-19,249000000,United Kingdom
Aug-19,30000000,United Kingdom
Sep-19,140000000,United Kingdom
Nov-19,83586687,United Kingdom
Dec-19,86905895,United Kingdom
Jan-20,232635300,United Kingdom
Feb-20,114554000,United Kingdom
Mar-20,2900000,United Kingdom
Apr-20,1670000,United Kingdom
Jun-20,2000000,United Kingdom
Jul-20,7200000,United Kingdom
Sep-20,28726358,United Kingdom
Dec-20,16887296,United Kingdom
Jan-21,56608695,United Kingdom
Feb-21,10200000,United Kingdom
Mar-21,463003234,United Kingdom
Apr-21,508876000,United Kingdom
May-21,485296000,United Kingdom
Jun-21,1429797200,United Kingdom
Jul-21,1325100000,United Kingdom
Aug-21,267200000,United Kingdom
Sep-21,118700000,United Kingdom
Oct-21,50500000,United Kingdom
Nov-21,198692658,United Kingdom
Dec-21,291400000,United Kingdom
Jan-22,64405260,United Kingdom
Feb-22,681019100,United Kingdom
Apr-22,3000000,United Kingdom
Dec-22,676975950,United Kingdom
Mar-23,1300000,United Kingdom
Apr-23,5822479,United Kingdom
May-23,95000000,United Kingdom
Jun-23,11200000,United Kingdom
Jul-23,9500000,United Kingdom
Aug-23,166800000,United Kingdom
Sep-23,59900000,United Kingdom
Oct-23,338737700,United Kingdom
Dec-23,86000000,United Kingdom
Feb-24,1100000,United Kingdom
May-24,0,United Kingdom
Aug-24,320600000,United Kingdom
Sep-24,12200000,United Kingdom
Oct-24,1187000000,United Kingdom
Dec-24,693000000,United Kingdom
Jan-19,297678232,USA
Feb-19,521540523,USA
Mar-19,688859495,USA
Apr-19,1036431019,USA
May-19,1545620098,USA
Jun-19,1023455837,USA
Jul-19,975644890,USA
Aug-19,309255571,USA
Sep-19,2864885928,USA
Oct-19,6887778993,USA
Nov-19,4742663611,USA
Dec-19,958392127,USA
Jan-20,1263477500,USA
Feb-20,907121500,USA
Mar-20,789965000,USA
Apr-20,469462878,USA
May-20,1871125336,USA
Jun-20,725416658,USA
Jul-20,345088800,USA
Aug-20,1204443572,USA
Sep-20,3235480033,USA
Oct-20,7617572316,USA
Nov-20,402784190,USA
Dec-20,902520932,USA
Jan-21,807939599,USA
Feb-21,2566959680,USA
Mar-21,18995632535,USA
Apr-21,2735689231,USA
May-21,8354643200,USA
Jun-21,26764353600,USA
Jul-21,8826461315,USA
Aug-21,3646176463,USA
Sep-21,14575469000,USA
Oct-21,1424699000,USA
Nov-21,20632906658,USA
Dec-21,2854594425,USA
Jan-22,13869299540,USA
Feb-22,12868110309,USA
Mar-22,581523025,USA
Apr-22,1661207112,USA
May-22,23343118297,USA
Jun-22,807738882,USA
Jul-22,332006451,USA
Aug-22,836600000,USA
Sep-22,858108400,USA
Oct-22,1270390000,USA
Nov-22,3750838635,USA
Dec-22,2447561462,USA
Jan-23,223414600,USA
Feb-23,430223000,USA
Mar-23,197376324,USA
Apr-23,3408592820,USA
May-23,805183625,USA
Jun-23,3951384562,USA
Jul-23,767968580,USA
Aug-23,1852000000,USA
Sep-23,210191315,USA
Oct-23,1569517089,USA
Nov-23,11800000,USA
Dec-23,1005050000,USA
Jan-24,581245760,USA
Feb-24,604815257,USA
Mar-24,193166050,USA
Apr-24,517302264,USA
May-24,277203850,USA
Jun-24,8720677570,USA
Jul-24,9016982000,USA
Aug-24,984200000,USA
Sep-24,2294700000,USA
Oct-24,3970859026,USA
Nov-24,4127400000,USA
Dec-24,6710300076,USA
Jan-25,1003550009,USA
Jan-19,539670,
Jan-19,4323262,
Feb-19,3084290,
Apr-19,15000000,
May-19,3869775,
Jun-19,270870,
Jul-19,153999850,
Aug-19,4926840,
Sep-19,452472900,
Oct-19,0,
Oct-19,0,
Nov-19,57994358,
Dec-19,26647617,
Jan-20,1320000,
Feb-20,1100000,
Apr-20,5070000,
May-20,22614955,
Jun-20,12250000,
Jul-20,2000000,
Aug-20,502000000,
Sep-20,500000,
Oct-20,27100000,
Nov-20,130000,
Dec-20,0,
Jan-21,24649140,
Feb-21,14900000,
Mar-21,2906050,
Mar-21,11970349220,
Apr-21,2000000,
Apr-21,250128550,
May-21,149672683,
Jul-21,618221047,
Aug-21,17200000,
Sep-21,7990000,
Sep-21,9938020000,
Oct-21,2800000,
Nov-21,2000000,
Nov-21,8000000,
Dec-21,280000000,
Feb-22,37609820,
Mar-22,19500000,
Apr-22,135000000,
Apr-22,3750000,
Jun-22,90400000,
Oct-22,108000000,
Jan-23,71100000,
Mar-23,1300000,
Apr-23,120000000,
Oct-23,164491800,
Nov-23,5000000,
Dec-23,1850000,
Feb-24,7900000,
Mar-24,14000000,
Apr-24,8350000,
Jun-24,3500000,
Aug-24,3500000,
Sep-24,0,
Nov-24,30800000,
Dec-24,38,