﻿province,primaryTag,deal_count
Alberta,FinTech,35
Alberta,SaaS,29
Alberta,Analytics,19
Alberta,CleanTech,19
Alberta,HealthTech,18
British Columbia,SaaS,70
British Columbia,FinTech,54
British Columbia,CleanTech,41
British Columbia,AI,34
British Columbia,BioTech,33
East Coast,SaaS,19
East Coast,HealthTech,14
East Coast,AgTech,7
East Coast,BioTech,6
East Coast,Analytics,6
Ontario,SaaS,150
Ontario,FinTech,130
Ontario,HealthTech,112
Ontario,AI,88
Ontario,BioTech,64
Other,SaaS,11
Other,Marketplace,11
Other,HealthTech,8
Other,BioTech,6
Other,FinTech,5
Quebec,HealthTech,62
Quebec,SaaS,45
Quebec,BioTech,41
Quebec,AI,38
Quebec,FinTech,36